id;Datum/Čas;Teplota[°C];Vlhkost[%rv]
1;23.5.2019 11:41:00;17,90;50,10
2;23.5.2019 12:11:00;15,20;57,20
3;23.5.2019 12:41:00;11,80;69,80
4;23.5.2019 13:11:00;11,30;71,60
5;23.5.2019 13:41:00;11,10;72,10
6;23.5.2019 14:11:00;10,90;72,50
7;23.5.2019 14:41:00;10,90;73,10
8;23.5.2019 15:11:00;10,80;73,20
9;23.5.2019 15:41:00;10,80;73,30
10;23.5.2019 16:11:00;10,80;72,90
11;23.5.2019 16:41:00;10,80;73,00
12;23.5.2019 17:11:00;10,80;73,30
13;23.5.2019 17:41:00;10,80;74,10
14;23.5.2019 18:11:00;10,80;74,50
15;23.5.2019 18:41:00;10,90;75,00
16;23.5.2019 19:11:00;10,90;75,60
17;23.5.2019 19:41:00;10,90;76,10
18;23.5.2019 20:11:00;10,90;76,50
19;23.5.2019 20:41:00;10,90;76,80
20;23.5.2019 21:11:00;10,90;77,30
21;23.5.2019 21:41:00;10,90;77,30
22;23.5.2019 22:11:00;10,90;77,10
23;23.5.2019 22:41:00;10,80;77,10
24;23.5.2019 23:11:00;10,80;77,10
25;23.5.2019 23:41:00;10,80;77,00
26;24.5.2019 0:11:00;10,70;77,20
27;24.5.2019 0:41:00;10,70;77,20
28;24.5.2019 1:11:00;10,70;77,20
29;24.5.2019 1:41:00;10,60;77,20
30;24.5.2019 2:11:00;10,60;77,20
31;24.5.2019 2:41:00;10,60;77,10
32;24.5.2019 3:11:00;10,60;77,10
33;24.5.2019 3:41:00;10,50;77,10
34;24.5.2019 4:11:00;10,50;77,00
35;24.5.2019 4:41:00;10,50;77,10
36;24.5.2019 5:11:00;10,50;77,00
37;24.5.2019 5:41:00;10,40;76,90
38;24.5.2019 6:11:00;10,40;77,00
39;24.5.2019 6:41:00;10,50;77,20
40;24.5.2019 7:11:00;10,50;77,30
41;24.5.2019 7:41:00;10,50;77,60
42;24.5.2019 8:11:00;10,60;78,00
43;24.5.2019 8:41:00;10,70;78,20
44;24.5.2019 9:11:00;10,70;78,30
45;24.5.2019 9:41:00;10,70;76,50
46;24.5.2019 10:11:00;10,70;76,10
47;24.5.2019 10:41:00;10,70;75,70
48;24.5.2019 11:11:00;10,70;75,80
49;24.5.2019 11:41:00;10,80;76,20
50;24.5.2019 12:11:00;10,80;76,50
51;24.5.2019 12:41:00;10,80;76,70
52;24.5.2019 13:11:00;10,80;76,90
53;24.5.2019 13:41:00;10,90;76,90
54;24.5.2019 14:11:00;10,90;76,80
55;24.5.2019 14:41:00;10,90;76,70
56;24.5.2019 15:11:00;10,90;76,80
57;24.5.2019 15:41:00;10,90;76,90
58;24.5.2019 16:11:00;10,90;77,00
59;24.5.2019 16:41:00;10,90;76,90
60;24.5.2019 17:11:00;10,90;77,00
61;24.5.2019 17:41:00;10,90;77,10
62;24.5.2019 18:11:00;10,90;77,10
63;24.5.2019 18:41:00;10,90;77,30
64;24.5.2019 19:11:00;10,90;77,30
65;24.5.2019 19:41:00;10,90;77,40
66;24.5.2019 20:11:00;10,90;77,50
67;24.5.2019 20:41:00;10,90;77,70
68;24.5.2019 21:11:00;10,90;77,80
69;24.5.2019 21:41:00;10,90;78,00
70;24.5.2019 22:11:00;11,00;78,10
71;24.5.2019 22:41:00;10,90;78,00
72;24.5.2019 23:11:00;10,90;78,10
73;24.5.2019 23:41:00;10,90;78,20
74;25.5.2019 0:11:00;10,90;78,20
75;25.5.2019 0:41:00;10,90;78,20
76;25.5.2019 1:11:00;10,90;78,20
77;25.5.2019 1:41:00;10,80;78,20
78;25.5.2019 2:11:00;10,80;78,20
79;25.5.2019 2:41:00;10,80;78,30
80;25.5.2019 3:11:00;10,80;78,40
81;25.5.2019 3:41:00;10,80;78,40
82;25.5.2019 4:11:00;10,80;78,50
83;25.5.2019 4:41:00;10,80;78,60
84;25.5.2019 5:11:00;10,80;78,60
85;25.5.2019 5:41:00;10,80;78,80
86;25.5.2019 6:11:00;10,80;79,10
87;25.5.2019 6:41:00;10,90;79,70
88;25.5.2019 7:11:00;10,90;80,30
89;25.5.2019 7:41:00;11,00;80,70
90;25.5.2019 8:11:00;11,00;80,20
91;25.5.2019 8:41:00;11,00;79,90
92;25.5.2019 9:11:00;11,00;79,80
93;25.5.2019 9:41:00;11,10;79,70
94;25.5.2019 10:11:00;11,10;79,60
95;25.5.2019 10:41:00;11,10;79,50
96;25.5.2019 11:11:00;11,10;79,40
97;25.5.2019 11:41:00;11,10;79,40
98;25.5.2019 12:11:00;11,10;79,30
99;25.5.2019 12:41:00;11,10;79,30
100;25.5.2019 13:11:00;11,10;79,20
101;25.5.2019 13:41:00;11,10;79,10
102;25.5.2019 14:11:00;11,50;76,30
103;25.5.2019 14:41:00;11,60;76,90
104;25.5.2019 15:11:00;11,50;77,30
105;25.5.2019 15:41:00;11,40;77,80
106;25.5.2019 16:11:00;11,40;77,80
107;25.5.2019 16:41:00;11,50;77,90
108;25.5.2019 17:11:00;11,70;77,50
109;25.5.2019 17:41:00;12,20;78,80
110;25.5.2019 18:11:00;12,50;77,90
111;25.5.2019 18:41:00;12,20;77,60
112;25.5.2019 19:11:00;11,90;78,10
113;25.5.2019 19:41:00;11,70;78,50
114;25.5.2019 20:11:00;11,60;78,80
115;25.5.2019 20:41:00;11,60;79,10
116;25.5.2019 21:11:00;11,60;79,40
117;25.5.2019 21:41:00;11,50;79,60
118;25.5.2019 22:11:00;11,60;80,10
119;25.5.2019 22:41:00;11,50;80,20
120;25.5.2019 23:11:00;11,50;80,40
121;25.5.2019 23:41:00;11,50;81,40
122;26.5.2019 0:11:00;11,50;81,40
123;26.5.2019 0:41:00;11,50;81,60
124;26.5.2019 1:11:00;11,50;81,40
125;26.5.2019 1:41:00;11,50;81,40
126;26.5.2019 2:11:00;11,40;81,40
127;26.5.2019 2:41:00;11,40;81,20
128;26.5.2019 3:11:00;11,40;81,10
129;26.5.2019 3:41:00;11,40;81,00
130;26.5.2019 4:11:00;11,40;80,90
131;26.5.2019 4:41:00;11,30;80,90
132;26.5.2019 5:11:00;11,30;81,10
133;26.5.2019 5:41:00;11,30;81,10
134;26.5.2019 6:11:00;11,40;81,20
135;26.5.2019 6:41:00;11,40;81,80
136;26.5.2019 7:11:00;11,50;82,10
137;26.5.2019 7:41:00;11,50;81,80
138;26.5.2019 8:11:00;11,50;81,70
139;26.5.2019 8:41:00;11,50;81,50
140;26.5.2019 9:11:00;11,50;81,50
141;26.5.2019 9:41:00;11,50;81,50
142;26.5.2019 10:11:00;11,50;81,40
143;26.5.2019 10:41:00;11,60;81,30
144;26.5.2019 11:11:00;11,60;81,20
145;26.5.2019 11:41:00;11,60;81,20
146;26.5.2019 12:11:00;11,60;81,20
147;26.5.2019 12:41:00;11,60;81,20
148;26.5.2019 13:11:00;11,60;81,20
149;26.5.2019 13:41:00;11,60;81,20
150;26.5.2019 14:11:00;11,60;81,20
151;26.5.2019 14:41:00;11,60;81,20
152;26.5.2019 15:11:00;11,60;81,20
153;26.5.2019 15:41:00;11,60;81,30
154;26.5.2019 16:11:00;11,60;81,20
155;26.5.2019 16:41:00;11,60;81,20
156;26.5.2019 17:11:00;11,60;81,20
157;26.5.2019 17:41:00;11,60;81,20
158;26.5.2019 18:11:00;11,60;81,20
159;26.5.2019 18:41:00;11,60;81,20
160;26.5.2019 19:11:00;11,60;81,30
161;26.5.2019 19:41:00;11,60;81,20
162;26.5.2019 20:11:00;11,60;81,20
163;26.5.2019 20:41:00;11,60;81,20
164;26.5.2019 21:11:00;11,60;81,30
165;26.5.2019 21:41:00;11,60;81,40
166;26.5.2019 22:11:00;11,60;81,40
167;26.5.2019 22:41:00;11,70;81,50
168;26.5.2019 23:11:00;11,70;81,50
169;26.5.2019 23:41:00;11,70;81,60
170;27.5.2019 0:11:00;11,70;81,60
171;27.5.2019 0:41:00;11,70;81,60
172;27.5.2019 1:11:00;11,70;81,60
173;27.5.2019 1:41:00;11,70;81,70
174;27.5.2019 2:11:00;11,70;81,70
175;27.5.2019 2:41:00;11,70;81,80
176;27.5.2019 3:11:00;11,70;81,80
177;27.5.2019 3:41:00;11,70;81,60
178;27.5.2019 4:11:00;11,70;81,70
179;27.5.2019 4:41:00;11,70;81,80
180;27.5.2019 5:11:00;11,70;82,20
181;27.5.2019 5:41:00;11,70;82,30
182;27.5.2019 6:11:00;11,80;82,40
183;27.5.2019 6:41:00;11,80;82,40
184;27.5.2019 7:11:00;11,80;82,40
185;27.5.2019 7:41:00;11,80;82,40
186;27.5.2019 8:11:00;11,80;82,30
187;27.5.2019 8:41:00;11,80;82,20
188;27.5.2019 9:11:00;11,80;82,10
189;27.5.2019 9:41:00;11,80;81,90
190;27.5.2019 10:11:00;11,80;82,00
191;27.5.2019 10:41:00;11,80;81,90
192;27.5.2019 11:11:00;11,90;81,90
193;27.5.2019 11:41:00;11,90;81,80
194;27.5.2019 12:11:00;11,90;81,80
195;27.5.2019 12:41:00;11,90;81,80
196;27.5.2019 13:11:00;11,90;81,80
197;27.5.2019 13:41:00;11,90;81,80
198;27.5.2019 14:11:00;11,90;81,70
199;27.5.2019 14:41:00;11,90;81,80
200;27.5.2019 15:11:00;11,90;81,70
201;27.5.2019 15:41:00;11,90;81,80
202;27.5.2019 16:11:00;11,90;81,80
203;27.5.2019 16:41:00;11,90;82,20
204;27.5.2019 17:11:00;11,90;82,60
205;27.5.2019 17:41:00;11,90;82,40
206;27.5.2019 18:11:00;11,90;82,30
207;27.5.2019 18:41:00;12,00;82,50
208;27.5.2019 19:11:00;12,00;82,60
209;27.5.2019 19:41:00;12,00;82,70
210;27.5.2019 20:11:00;12,00;82,90
211;27.5.2019 20:41:00;12,00;83,30
212;27.5.2019 21:11:00;12,00;83,40
213;27.5.2019 21:41:00;12,00;83,50
214;27.5.2019 22:11:00;12,10;83,60
215;27.5.2019 22:41:00;12,10;83,50
216;27.5.2019 23:11:00;12,10;83,30
217;27.5.2019 23:41:00;12,10;83,30
218;28.5.2019 0:11:00;12,10;83,30
219;28.5.2019 0:41:00;12,10;83,50
220;28.5.2019 1:11:00;12,10;83,40
221;28.5.2019 1:41:00;12,10;83,50
222;28.5.2019 2:11:00;12,10;83,50
223;28.5.2019 2:41:00;12,10;83,40
224;28.5.2019 3:11:00;12,10;83,60
225;28.5.2019 3:41:00;12,10;83,50
226;28.5.2019 4:11:00;12,10;83,80
227;28.5.2019 4:41:00;12,10;83,60
228;28.5.2019 5:11:00;12,10;84,00
229;28.5.2019 5:41:00;12,20;84,10
230;28.5.2019 6:11:00;12,20;84,10
231;28.5.2019 6:41:00;12,20;84,40
232;28.5.2019 7:11:00;12,20;84,50
233;28.5.2019 7:41:00;12,20;84,90
234;28.5.2019 8:11:00;12,20;84,80
235;28.5.2019 8:41:00;12,20;84,60
236;28.5.2019 9:11:00;12,20;84,40
237;28.5.2019 9:41:00;12,20;84,50
238;28.5.2019 10:11:00;12,20;84,80
239;28.5.2019 10:41:00;12,20;84,40
240;28.5.2019 11:11:00;12,20;84,40
241;28.5.2019 11:41:00;12,20;84,60
242;28.5.2019 12:11:00;12,20;84,50
243;28.5.2019 12:41:00;12,20;84,40
244;28.5.2019 13:11:00;12,20;84,40
245;28.5.2019 13:41:00;12,20;84,40
246;28.5.2019 14:11:00;12,20;84,40
247;28.5.2019 14:41:00;12,30;85,90
248;28.5.2019 15:11:00;12,30;85,50
249;28.5.2019 15:41:00;12,30;85,40
250;28.5.2019 16:11:00;12,30;85,20
251;28.5.2019 16:41:00;12,30;86,00
252;28.5.2019 17:11:00;12,30;85,90
253;28.5.2019 17:41:00;12,30;85,80
254;28.5.2019 18:11:00;12,30;85,70
255;28.5.2019 18:41:00;12,20;85,20
256;28.5.2019 19:11:00;12,20;84,90
257;28.5.2019 19:41:00;12,20;84,80
258;28.5.2019 20:11:00;12,10;84,50
259;28.5.2019 20:41:00;12,10;84,20
260;28.5.2019 21:11:00;12,10;84,00
261;28.5.2019 21:41:00;12,00;83,90
262;28.5.2019 22:11:00;12,00;84,00
263;28.5.2019 22:41:00;12,00;83,90
264;28.5.2019 23:11:00;12,00;84,00
265;28.5.2019 23:41:00;12,00;84,00
266;29.5.2019 0:11:00;12,00;84,00
267;29.5.2019 0:41:00;12,00;84,00
268;29.5.2019 1:11:00;12,00;84,00
269;29.5.2019 1:41:00;12,00;84,00
270;29.5.2019 2:11:00;12,00;84,00
271;29.5.2019 2:41:00;12,00;84,00
272;29.5.2019 3:11:00;12,00;83,90
273;29.5.2019 3:41:00;12,00;83,80
274;29.5.2019 4:11:00;12,00;84,00
275;29.5.2019 4:41:00;12,00;83,90
276;29.5.2019 5:11:00;12,00;83,80
277;29.5.2019 5:41:00;12,00;83,80
278;29.5.2019 6:11:00;12,00;83,70
279;29.5.2019 6:41:00;11,90;83,60
280;29.5.2019 7:11:00;11,90;83,40
281;29.5.2019 7:41:00;11,90;83,00
282;29.5.2019 8:11:00;11,90;82,70
283;29.5.2019 8:41:00;11,90;82,70
284;29.5.2019 9:11:00;11,90;82,70
285;29.5.2019 9:41:00;11,90;82,80
286;29.5.2019 10:11:00;11,80;82,90
287;29.5.2019 10:41:00;11,80;83,00
288;29.5.2019 11:11:00;11,80;82,80
289;29.5.2019 11:41:00;11,80;82,50
290;29.5.2019 12:11:00;11,80;82,40
291;29.5.2019 12:41:00;11,70;82,30
292;29.5.2019 13:11:00;11,70;81,90
293;29.5.2019 13:41:00;11,70;82,00
294;29.5.2019 14:11:00;11,70;82,00
295;29.5.2019 14:41:00;11,70;81,50
296;29.5.2019 15:11:00;11,70;81,30
297;29.5.2019 15:41:00;11,70;81,20
298;29.5.2019 16:11:00;11,70;80,50
299;29.5.2019 16:41:00;11,60;80,60
300;29.5.2019 17:11:00;11,70;80,70
301;29.5.2019 17:41:00;11,70;80,90
302;29.5.2019 18:11:00;11,70;80,70
303;29.5.2019 18:41:00;11,70;80,30
304;29.5.2019 19:11:00;11,70;80,40
305;29.5.2019 19:41:00;11,70;80,50
306;29.5.2019 20:11:00;11,70;80,80
307;29.5.2019 20:41:00;11,70;80,60
308;29.5.2019 21:11:00;11,70;81,00
309;29.5.2019 21:41:00;11,70;81,00
310;29.5.2019 22:11:00;11,70;81,00
311;29.5.2019 22:41:00;11,60;80,90
312;29.5.2019 23:11:00;11,60;80,60
313;29.5.2019 23:41:00;11,60;80,50
314;30.5.2019 0:11:00;11,60;80,60
315;30.5.2019 0:41:00;11,60;80,40
316;30.5.2019 1:11:00;11,50;80,20
317;30.5.2019 1:41:00;11,50;80,30
318;30.5.2019 2:11:00;11,50;79,90
319;30.5.2019 2:41:00;11,50;79,90
320;30.5.2019 3:11:00;11,50;79,70
321;30.5.2019 3:41:00;11,50;79,60
322;30.5.2019 4:11:00;11,40;79,60
323;30.5.2019 4:41:00;11,40;79,50
324;30.5.2019 5:11:00;11,40;79,50
325;30.5.2019 5:41:00;11,40;79,60
326;30.5.2019 6:11:00;11,40;79,40
327;30.5.2019 6:41:00;11,40;79,40
328;30.5.2019 7:11:00;11,40;79,60
329;30.5.2019 7:41:00;11,40;79,00
330;30.5.2019 8:11:00;11,40;78,70
331;30.5.2019 8:41:00;11,40;78,70
332;30.5.2019 9:11:00;11,40;78,00
333;30.5.2019 9:41:00;11,40;77,70
334;30.5.2019 10:11:00;11,40;77,60
335;30.5.2019 10:41:00;11,40;77,10
336;30.5.2019 11:11:00;11,40;77,20
337;30.5.2019 11:41:00;11,40;77,30
338;30.5.2019 12:11:00;11,40;77,00
339;30.5.2019 12:41:00;11,50;77,20
340;30.5.2019 13:11:00;11,50;76,10
341;30.5.2019 13:41:00;11,50;76,50
342;30.5.2019 14:11:00;11,50;76,60
343;30.5.2019 14:41:00;11,50;76,80
344;30.5.2019 15:11:00;11,50;76,30
345;30.5.2019 15:41:00;11,50;76,70
346;30.5.2019 16:11:00;11,50;76,70
347;30.5.2019 16:41:00;11,50;76,60
348;30.5.2019 17:11:00;11,50;76,90
349;30.5.2019 17:41:00;11,50;76,90
350;30.5.2019 18:11:00;11,50;76,70
351;30.5.2019 18:41:00;11,50;76,70
352;30.5.2019 19:11:00;11,50;77,00
353;30.5.2019 19:41:00;11,50;77,00
354;30.5.2019 20:11:00;11,50;77,10
355;30.5.2019 20:41:00;11,50;77,40
356;30.5.2019 21:11:00;11,50;77,00
357;30.5.2019 21:41:00;11,50;77,20
358;30.5.2019 22:11:00;11,40;77,10
359;30.5.2019 22:41:00;11,40;77,40
360;30.5.2019 23:11:00;11,40;77,60
361;30.5.2019 23:41:00;11,40;77,70
362;31.5.2019 0:11:00;11,30;77,50
363;31.5.2019 0:41:00;11,30;77,70
364;31.5.2019 1:11:00;11,30;77,50
365;31.5.2019 1:41:00;11,30;77,70
366;31.5.2019 2:11:00;11,20;77,90
367;31.5.2019 2:41:00;11,20;78,00
368;31.5.2019 3:11:00;11,20;77,80
369;31.5.2019 3:41:00;11,20;77,80
370;31.5.2019 4:11:00;11,20;77,90
371;31.5.2019 4:41:00;11,20;77,90
372;31.5.2019 5:11:00;11,20;78,00
373;31.5.2019 5:41:00;11,20;77,90
374;31.5.2019 6:11:00;11,10;77,90
375;31.5.2019 6:41:00;11,20;78,20
376;31.5.2019 7:11:00;11,20;78,30
377;31.5.2019 7:41:00;11,20;78,50
378;31.5.2019 8:11:00;11,30;78,50
379;31.5.2019 8:41:00;11,30;78,70
380;31.5.2019 9:11:00;11,40;77,80
381;31.5.2019 9:41:00;11,40;77,30
382;31.5.2019 10:11:00;11,40;77,40
383;31.5.2019 10:41:00;11,40;77,30
384;31.5.2019 11:11:00;11,40;77,10
385;31.5.2019 11:41:00;11,40;77,20
386;31.5.2019 12:11:00;11,40;77,40
387;31.5.2019 12:41:00;11,40;77,60
388;31.5.2019 13:11:00;11,50;77,80
389;31.5.2019 13:41:00;11,50;78,00
390;31.5.2019 14:11:00;11,50;78,20
391;31.5.2019 14:41:00;11,50;78,50
392;31.5.2019 15:11:00;11,50;78,60
393;31.5.2019 15:41:00;11,50;78,70
394;31.5.2019 16:11:00;11,50;78,90
395;31.5.2019 16:41:00;11,50;79,00
396;31.5.2019 17:11:00;11,50;79,20
397;31.5.2019 17:41:00;11,50;79,20
398;31.5.2019 18:11:00;11,60;79,40
399;31.5.2019 18:41:00;11,60;79,40
400;31.5.2019 19:11:00;11,60;79,30
401;31.5.2019 19:41:00;11,50;79,30
402;31.5.2019 20:11:00;11,50;79,30
403;31.5.2019 20:41:00;11,50;79,40
404;31.5.2019 21:11:00;11,50;79,50
405;31.5.2019 21:41:00;11,50;79,60
406;31.5.2019 22:11:00;11,60;80,00
407;31.5.2019 22:41:00;11,60;80,30
408;31.5.2019 23:11:00;11,60;80,40
409;31.5.2019 23:41:00;11,60;80,60
410;1.6.2019 0:11:00;11,60;80,90
411;1.6.2019 0:41:00;11,60;81,20
412;1.6.2019 1:11:00;11,70;81,40
413;1.6.2019 1:41:00;11,70;81,50
414;1.6.2019 2:11:00;11,70;81,80
415;1.6.2019 2:41:00;11,70;82,20
416;1.6.2019 3:11:00;11,70;82,30
417;1.6.2019 3:41:00;11,70;82,20
418;1.6.2019 4:11:00;11,70;82,10
419;1.6.2019 4:41:00;11,70;82,20
420;1.6.2019 5:11:00;11,70;82,90
421;1.6.2019 5:41:00;11,70;82,80
422;1.6.2019 6:11:00;11,70;82,30
423;1.6.2019 6:41:00;11,70;82,40
424;1.6.2019 7:11:00;11,70;82,00
425;1.6.2019 7:41:00;11,70;81,80
426;1.6.2019 8:11:00;11,70;81,90
427;1.6.2019 8:41:00;11,70;82,00
428;1.6.2019 9:11:00;11,70;82,30
429;1.6.2019 9:41:00;11,80;82,30
430;1.6.2019 10:11:00;11,80;82,40
431;1.6.2019 10:41:00;11,80;82,30
432;1.6.2019 11:11:00;11,80;82,30
433;1.6.2019 11:41:00;11,80;82,20
434;1.6.2019 12:11:00;11,80;83,90
435;1.6.2019 12:41:00;12,80;82,20
436;1.6.2019 13:11:00;12,50;81,70
437;1.6.2019 13:41:00;12,40;82,40
438;1.6.2019 14:11:00;12,40;82,20
439;1.6.2019 14:41:00;12,40;82,50
440;1.6.2019 15:11:00;12,40;82,30
441;1.6.2019 15:41:00;12,40;82,30
442;1.6.2019 16:11:00;12,40;82,00
443;1.6.2019 16:41:00;12,50;82,00
444;1.6.2019 17:11:00;12,70;81,50
445;1.6.2019 17:41:00;12,60;81,60
446;1.6.2019 18:11:00;12,70;82,30
447;1.6.2019 18:41:00;12,80;82,80
448;1.6.2019 19:11:00;12,80;82,80
449;1.6.2019 19:41:00;12,80;83,40
450;1.6.2019 20:11:00;12,90;83,90
451;1.6.2019 20:41:00;12,90;84,00
452;1.6.2019 21:11:00;12,80;84,20
453;1.6.2019 21:41:00;12,80;84,60
454;1.6.2019 22:11:00;12,80;84,80
455;1.6.2019 22:41:00;12,80;84,80
456;1.6.2019 23:11:00;12,70;84,70
457;1.6.2019 23:41:00;12,70;85,00
458;2.6.2019 0:11:00;12,70;85,20
459;2.6.2019 0:41:00;12,70;85,10
460;2.6.2019 1:11:00;12,60;84,70
461;2.6.2019 1:41:00;12,60;84,50
462;2.6.2019 2:11:00;12,60;84,40
463;2.6.2019 2:41:00;12,50;84,50
464;2.6.2019 3:11:00;12,50;84,40
465;2.6.2019 3:41:00;12,50;84,50
466;2.6.2019 4:11:00;12,50;84,30
467;2.6.2019 4:41:00;12,50;84,40
468;2.6.2019 5:11:00;12,40;84,10
469;2.6.2019 5:41:00;12,40;84,30
470;2.6.2019 6:11:00;12,50;84,50
471;2.6.2019 6:41:00;12,50;85,30
472;2.6.2019 7:11:00;12,60;85,70
473;2.6.2019 7:41:00;12,70;86,90
474;2.6.2019 8:11:00;12,80;87,30
475;2.6.2019 8:41:00;12,90;86,70
476;2.6.2019 9:11:00;13,00;86,50
477;2.6.2019 9:41:00;13,10;86,70
478;2.6.2019 10:11:00;13,30;86,90
479;2.6.2019 10:41:00;13,40;86,30
480;2.6.2019 11:11:00;13,40;86,20
481;2.6.2019 11:41:00;13,40;86,30
482;2.6.2019 12:11:00;13,50;85,70
483;2.6.2019 12:41:00;13,50;85,80
484;2.6.2019 13:11:00;13,50;85,40
485;2.6.2019 13:41:00;13,50;84,90
486;2.6.2019 14:11:00;13,50;84,60
487;2.6.2019 14:41:00;13,60;84,00
488;2.6.2019 15:11:00;13,60;83,50
489;2.6.2019 15:41:00;13,70;83,50
490;2.6.2019 16:11:00;13,50;83,60
491;2.6.2019 16:41:00;13,40;83,70
492;2.6.2019 17:11:00;13,40;83,80
493;2.6.2019 17:41:00;13,30;83,80
494;2.6.2019 18:11:00;13,30;83,90
495;2.6.2019 18:41:00;13,30;83,90
496;2.6.2019 19:11:00;13,30;84,00
497;2.6.2019 19:41:00;13,30;83,90
498;2.6.2019 20:11:00;13,30;84,00
499;2.6.2019 20:41:00;13,30;84,10
500;2.6.2019 21:11:00;13,30;84,30
501;2.6.2019 21:41:00;13,30;84,30
502;2.6.2019 22:11:00;13,30;84,30
503;2.6.2019 22:41:00;13,30;84,40
504;2.6.2019 23:11:00;13,30;84,40
505;2.6.2019 23:41:00;13,30;84,60
506;3.6.2019 0:11:00;13,30;84,60
507;3.6.2019 0:41:00;13,30;84,60
508;3.6.2019 1:11:00;13,30;84,60
509;3.6.2019 1:41:00;13,30;84,60
510;3.6.2019 2:11:00;13,30;84,60
511;3.6.2019 2:41:00;13,30;84,50
512;3.6.2019 3:11:00;13,30;84,30
513;3.6.2019 3:41:00;13,30;84,30
514;3.6.2019 4:11:00;13,30;84,10
515;3.6.2019 4:41:00;13,30;84,00
516;3.6.2019 5:11:00;13,20;83,90
517;3.6.2019 5:41:00;13,20;83,90
518;3.6.2019 6:11:00;13,30;84,30
519;3.6.2019 6:41:00;13,30;84,60
520;3.6.2019 7:11:00;13,40;84,50
521;3.6.2019 7:41:00;13,40;84,50
522;3.6.2019 8:11:00;13,40;84,30
523;3.6.2019 8:41:00;13,40;84,20
524;3.6.2019 9:11:00;13,40;84,40
525;3.6.2019 9:41:00;13,40;84,40
526;3.6.2019 10:11:00;13,50;84,30
527;3.6.2019 10:41:00;13,50;84,10
528;3.6.2019 11:11:00;13,50;83,90
529;3.6.2019 11:41:00;13,50;83,90
530;3.6.2019 12:11:00;13,50;83,90
531;3.6.2019 12:41:00;13,50;83,80
532;3.6.2019 13:11:00;13,50;83,80
533;3.6.2019 13:41:00;13,50;83,70
534;3.6.2019 14:11:00;13,50;83,70
535;3.6.2019 14:41:00;13,50;83,80
536;3.6.2019 15:11:00;13,50;83,80
537;3.6.2019 15:41:00;13,50;83,80
538;3.6.2019 16:11:00;13,60;83,70
539;3.6.2019 16:41:00;13,60;83,80
540;3.6.2019 17:11:00;13,60;83,80
541;3.6.2019 17:41:00;13,60;83,80
542;3.6.2019 18:11:00;13,60;83,80
543;3.6.2019 18:41:00;13,60;83,80
544;3.6.2019 19:11:00;13,60;83,80
545;3.6.2019 19:41:00;13,60;83,80
546;3.6.2019 20:11:00;13,60;83,90
547;3.6.2019 20:41:00;13,60;83,90
548;3.6.2019 21:11:00;13,60;83,80
549;3.6.2019 21:41:00;13,70;83,90
550;3.6.2019 22:11:00;13,70;83,80
551;3.6.2019 22:41:00;13,70;83,80
552;3.6.2019 23:11:00;13,70;83,80
553;3.6.2019 23:41:00;13,70;83,80
554;4.6.2019 0:11:00;13,70;83,90
555;4.6.2019 0:41:00;13,70;83,70
556;4.6.2019 1:11:00;13,70;83,80
557;4.6.2019 1:41:00;13,70;83,80
558;4.6.2019 2:11:00;13,70;83,80
559;4.6.2019 2:41:00;13,70;83,80
560;4.6.2019 3:11:00;13,70;83,70
561;4.6.2019 3:41:00;13,70;83,70
562;4.6.2019 4:11:00;13,70;83,70
563;4.6.2019 4:41:00;13,70;83,70
564;4.6.2019 5:11:00;13,70;83,50
565;4.6.2019 5:41:00;13,70;83,60
566;4.6.2019 6:11:00;13,80;83,90
567;4.6.2019 6:41:00;13,80;84,10
568;4.6.2019 7:11:00;13,80;84,10
569;4.6.2019 7:41:00;13,80;84,00
570;4.6.2019 8:11:00;13,80;84,00
571;4.6.2019 8:41:00;13,90;83,60
572;4.6.2019 9:11:00;13,90;83,40
573;4.6.2019 9:41:00;13,90;83,50
574;4.6.2019 10:11:00;13,90;83,50
575;4.6.2019 10:41:00;13,90;83,40
576;4.6.2019 11:11:00;13,90;83,40
577;4.6.2019 11:41:00;13,90;83,50
578;4.6.2019 12:11:00;13,90;83,40
579;4.6.2019 12:41:00;13,90;83,50
580;4.6.2019 13:11:00;13,90;83,60
581;4.6.2019 13:41:00;13,90;83,60
582;4.6.2019 14:11:00;13,90;83,50
583;4.6.2019 14:41:00;14,00;83,50
584;4.6.2019 15:11:00;14,00;83,50
585;4.6.2019 15:41:00;14,00;83,50
586;4.6.2019 16:11:00;14,00;83,50
587;4.6.2019 16:41:00;14,00;83,40
588;4.6.2019 17:11:00;14,00;83,50
589;4.6.2019 17:41:00;14,00;83,50
590;4.6.2019 18:11:00;14,00;83,50
591;4.6.2019 18:41:00;14,00;83,50
592;4.6.2019 19:11:00;14,00;83,40
593;4.6.2019 19:41:00;14,00;83,50
594;4.6.2019 20:11:00;14,00;83,40
595;4.6.2019 20:41:00;14,00;83,50
596;4.6.2019 21:11:00;14,00;83,50
597;4.6.2019 21:41:00;14,10;83,40
598;4.6.2019 22:11:00;14,10;83,40
599;4.6.2019 22:41:00;14,10;83,50
600;4.6.2019 23:11:00;14,10;83,40
601;4.6.2019 23:41:00;14,10;83,40
602;5.6.2019 0:11:00;14,10;83,40
603;5.6.2019 0:41:00;14,10;83,40
604;5.6.2019 1:11:00;14,10;83,50
605;5.6.2019 1:41:00;14,10;83,40
606;5.6.2019 2:11:00;14,10;83,80
607;5.6.2019 2:41:00;14,10;83,60
608;5.6.2019 3:11:00;14,10;83,70
609;5.6.2019 3:41:00;14,10;84,00
610;5.6.2019 4:11:00;14,10;84,10
611;5.6.2019 4:41:00;14,20;84,30
612;5.6.2019 5:11:00;14,20;84,30
613;5.6.2019 5:41:00;14,20;84,40
614;5.6.2019 6:11:00;14,20;84,40
615;5.6.2019 6:41:00;14,20;84,40
616;5.6.2019 7:11:00;14,20;84,20
617;5.6.2019 7:41:00;14,20;84,30
618;5.6.2019 8:11:00;14,20;84,40
619;5.6.2019 8:41:00;14,30;84,20
620;5.6.2019 9:11:00;14,30;84,00
621;5.6.2019 9:41:00;14,30;84,00
622;5.6.2019 10:11:00;14,30;83,90
623;5.6.2019 10:41:00;16,40;82,60
624;5.6.2019 11:11:00;26,80;50,40
625;5.6.2019 11:41:00;26,50;46,00
626;5.6.2019 12:11:00;24,50;48,40
627;5.6.2019 12:41:00;24,00;49,50
628;5.6.2019 13:11:00;23,90;49,70
629;5.6.2019 13:41:00;23,90;50,00
630;5.6.2019 14:11:00;23,80;50,10
631;5.6.2019 14:41:00;23,90;49,70
632;5.6.2019 15:11:00;24,10;49,20
633;5.6.2019 15:41:00;24,10;48,90
634;5.6.2019 16:11:00;24,20;48,70
635;5.6.2019 16:41:00;24,20;48,50
636;5.6.2019 17:11:00;24,30;48,30
637;5.6.2019 17:41:00;24,10;48,50
638;5.6.2019 18:11:00;24,00;48,60
639;5.6.2019 18:41:00;23,90;49,00
640;5.6.2019 19:11:00;23,90;49,10
641;5.6.2019 19:41:00;23,80;49,10
642;5.6.2019 20:11:00;23,80;49,60
643;5.6.2019 20:41:00;23,80;49,60
644;5.6.2019 21:11:00;23,70;49,60
645;5.6.2019 21:41:00;23,70;49,70
646;5.6.2019 22:11:00;23,70;50,20
647;5.6.2019 22:41:00;23,70;50,30
648;5.6.2019 23:11:00;23,60;51,30
649;5.6.2019 23:41:00;23,60;51,30
650;6.6.2019 0:11:00;23,60;51,60
651;6.6.2019 0:41:00;23,60;51,80
652;6.6.2019 1:11:00;23,60;51,90
653;6.6.2019 1:41:00;23,60;52,20
654;6.6.2019 2:11:00;23,60;52,70
655;6.6.2019 2:41:00;23,50;53,00
656;6.6.2019 3:11:00;23,50;53,20
657;6.6.2019 3:41:00;23,50;52,90
658;6.6.2019 4:11:00;23,50;52,90
659;6.6.2019 4:41:00;23,50;52,80
660;6.6.2019 5:11:00;23,50;52,50
661;6.6.2019 5:41:00;23,50;52,40
662;6.6.2019 6:11:00;23,50;52,40
663;6.6.2019 6:41:00;23,50;52,10
664;6.6.2019 7:11:00;23,50;51,80
665;6.6.2019 7:41:00;23,60;51,90
666;6.6.2019 8:11:00;23,60;51,90
667;6.6.2019 8:41:00;23,60;51,80
668;6.6.2019 9:11:00;23,70;51,70
669;6.6.2019 9:41:00;23,70;51,60
670;6.6.2019 10:11:00;23,70;51,60
671;6.6.2019 10:41:00;23,80;51,70
672;6.6.2019 11:11:00;23,80;51,60
673;6.6.2019 11:41:00;23,90;51,80
674;6.6.2019 12:11:00;24,00;51,60
675;6.6.2019 12:41:00;24,00;51,70
676;6.6.2019 13:11:00;24,00;52,00
677;6.6.2019 13:41:00;24,00;51,60
678;6.6.2019 14:11:00;24,10;51,60
679;6.6.2019 14:41:00;24,10;51,90
680;6.6.2019 15:11:00;24,10;52,20
681;6.6.2019 15:41:00;24,00;52,40
682;6.6.2019 16:11:00;24,00;52,20
683;6.6.2019 16:41:00;23,90;52,10
684;6.6.2019 17:11:00;23,90;52,00
685;6.6.2019 17:41:00;23,90;52,10
686;6.6.2019 18:11:00;23,90;52,70
687;6.6.2019 18:41:00;23,90;52,20
688;6.6.2019 19:11:00;23,90;52,30
689;6.6.2019 19:41:00;23,80;52,50
690;6.6.2019 20:11:00;23,80;52,70
691;6.6.2019 20:41:00;23,80;53,30
692;6.6.2019 21:11:00;23,80;53,20
693;6.6.2019 21:41:00;23,80;52,90
694;6.6.2019 22:11:00;23,80;52,90
695;6.6.2019 22:41:00;23,80;52,70
696;6.6.2019 23:11:00;23,80;52,90
697;6.6.2019 23:41:00;23,70;53,20
698;7.6.2019 0:11:00;23,70;53,40
699;7.6.2019 0:41:00;23,70;53,10
700;7.6.2019 1:11:00;23,70;53,30
701;7.6.2019 1:41:00;23,70;53,40
702;7.6.2019 2:11:00;23,70;53,40
703;7.6.2019 2:41:00;23,70;53,20
704;7.6.2019 3:11:00;23,60;52,90
705;7.6.2019 3:41:00;23,60;52,60
706;7.6.2019 4:11:00;23,60;52,20
707;7.6.2019 4:41:00;23,50;52,00
708;7.6.2019 5:11:00;23,50;51,90
709;7.6.2019 5:41:00;23,50;51,70
710;7.6.2019 6:11:00;23,50;51,40
711;7.6.2019 6:41:00;23,50;51,20
712;7.6.2019 7:11:00;23,50;51,00
713;7.6.2019 7:41:00;23,50;50,80
714;7.6.2019 8:11:00;23,50;50,70
715;7.6.2019 8:41:00;23,60;50,60
716;7.6.2019 9:11:00;23,60;50,70
717;7.6.2019 9:41:00;23,60;50,60
718;7.6.2019 10:11:00;23,70;50,60
719;7.6.2019 10:41:00;23,70;50,60
720;7.6.2019 11:11:00;23,70;50,70
721;7.6.2019 11:41:00;23,80;50,60
722;7.6.2019 12:11:00;23,80;50,70
723;7.6.2019 12:41:00;23,80;51,00
724;7.6.2019 13:11:00;23,90;50,90
725;7.6.2019 13:41:00;24,00;50,60
726;7.6.2019 14:11:00;24,00;50,40
727;7.6.2019 14:41:00;24,10;50,40
728;7.6.2019 15:11:00;24,20;50,30
729;7.6.2019 15:41:00;24,20;50,20
730;7.6.2019 16:11:00;24,30;50,00
731;7.6.2019 16:41:00;24,30;49,80
732;7.6.2019 17:11:00;24,40;49,60
733;7.6.2019 17:41:00;24,40;49,60
734;7.6.2019 18:11:00;24,30;49,80
735;7.6.2019 18:41:00;24,20;50,10
736;7.6.2019 19:11:00;24,10;50,40
737;7.6.2019 19:41:00;24,10;50,60
738;7.6.2019 20:11:00;24,00;50,90
739;7.6.2019 20:41:00;24,00;51,20
740;7.6.2019 21:11:00;23,90;51,50
741;7.6.2019 21:41:00;23,90;51,90
742;7.6.2019 22:11:00;23,80;52,20
743;7.6.2019 22:41:00;23,80;52,50
744;7.6.2019 23:11:00;23,80;52,80
745;7.6.2019 23:41:00;23,70;53,10
746;8.6.2019 0:11:00;23,70;53,10
747;8.6.2019 0:41:00;23,70;53,40
748;8.6.2019 1:11:00;23,70;53,40
749;8.6.2019 1:41:00;23,70;53,40
750;8.6.2019 2:11:00;23,70;53,40
751;8.6.2019 2:41:00;23,60;53,40
752;8.6.2019 3:11:00;23,60;53,40
753;8.6.2019 3:41:00;23,60;53,10
754;8.6.2019 4:11:00;23,60;53,10
755;8.6.2019 4:41:00;23,60;52,80
756;8.6.2019 5:11:00;23,60;52,80
757;8.6.2019 5:41:00;23,60;52,80
758;8.6.2019 6:11:00;23,60;52,50
759;8.6.2019 6:41:00;23,60;51,90
760;8.6.2019 7:11:00;23,60;51,40
761;8.6.2019 7:41:00;23,60;50,80
762;8.6.2019 8:11:00;23,50;50,50
763;8.6.2019 8:41:00;23,60;50,00
764;8.6.2019 9:11:00;23,60;48,90
765;8.6.2019 9:41:00;23,70;47,40
766;8.6.2019 10:11:00;23,60;45,90
767;8.6.2019 10:41:00;23,60;45,10
768;8.6.2019 11:11:00;23,70;44,70
769;8.6.2019 11:41:00;23,70;43,90
770;8.6.2019 12:11:00;23,80;43,70
771;8.6.2019 12:41:00;23,80;42,60
772;8.6.2019 13:11:00;23,90;43,20
773;8.6.2019 13:41:00;23,90;43,40
774;8.6.2019 14:11:00;24,00;43,00
775;8.6.2019 14:41:00;24,10;43,30
776;8.6.2019 15:11:00;24,20;42,90
777;8.6.2019 15:41:00;24,20;42,80
778;8.6.2019 16:11:00;24,30;42,70
779;8.6.2019 16:41:00;24,30;42,10
780;8.6.2019 17:11:00;24,20;40,60
781;8.6.2019 17:41:00;24,20;40,90
782;8.6.2019 18:11:00;24,20;40,60
783;8.6.2019 18:41:00;24,10;40,50
784;8.6.2019 19:11:00;24,00;40,30
785;8.6.2019 19:41:00;23,90;40,60
786;8.6.2019 20:11:00;23,80;40,70
787;8.6.2019 20:41:00;23,80;40,90
788;8.6.2019 21:11:00;23,70;41,40
789;8.6.2019 21:41:00;23,70;41,70
790;8.6.2019 22:11:00;23,60;42,00
791;8.6.2019 22:41:00;23,60;42,10
792;8.6.2019 23:11:00;23,60;42,00
793;8.6.2019 23:41:00;23,50;42,40
794;9.6.2019 0:11:00;23,50;42,30
795;9.6.2019 0:41:00;23,50;42,50
796;9.6.2019 1:11:00;23,40;42,50
797;9.6.2019 1:41:00;23,40;42,40
798;9.6.2019 2:11:00;23,40;42,50
799;9.6.2019 2:41:00;23,40;42,50
800;9.6.2019 3:11:00;23,30;42,40
801;9.6.2019 3:41:00;23,30;42,50
802;9.6.2019 4:11:00;23,30;42,30
803;9.6.2019 4:41:00;23,30;42,20
804;9.6.2019 5:11:00;23,30;42,30
805;9.6.2019 5:41:00;23,30;42,30
806;9.6.2019 6:11:00;23,30;42,40
807;9.6.2019 6:41:00;23,30;42,40
808;9.6.2019 7:11:00;23,30;42,60
809;9.6.2019 7:41:00;23,40;42,60
810;9.6.2019 8:11:00;23,40;42,40
811;9.6.2019 8:41:00;23,50;41,80
812;9.6.2019 9:11:00;23,50;40,70
813;9.6.2019 9:41:00;23,50;40,70
814;9.6.2019 10:11:00;23,50;40,60
815;9.6.2019 10:41:00;23,50;40,90
816;9.6.2019 11:11:00;23,50;41,10
817;9.6.2019 11:41:00;23,60;41,40
818;9.6.2019 12:11:00;23,60;41,40
819;9.6.2019 12:41:00;23,70;41,40
820;9.6.2019 13:11:00;23,70;41,40
821;9.6.2019 13:41:00;23,80;41,30
822;9.6.2019 14:11:00;23,90;40,70
823;9.6.2019 14:41:00;24,00;40,60
824;9.6.2019 15:11:00;24,10;40,70
825;9.6.2019 15:41:00;24,10;41,10
826;9.6.2019 16:11:00;24,20;40,80
827;9.6.2019 16:41:00;24,20;40,40
828;9.6.2019 17:11:00;24,20;40,70
829;9.6.2019 17:41:00;24,20;41,00
830;9.6.2019 18:11:00;24,10;41,60
831;9.6.2019 18:41:00;24,10;42,70
832;9.6.2019 19:11:00;24,00;43,20
833;9.6.2019 19:41:00;23,90;43,80
834;9.6.2019 20:11:00;23,90;44,50
835;9.6.2019 20:41:00;23,80;45,00
836;9.6.2019 21:11:00;23,80;45,20
837;9.6.2019 21:41:00;23,80;45,30
838;9.6.2019 22:11:00;23,70;45,80
839;9.6.2019 22:41:00;23,70;46,90
840;9.6.2019 23:11:00;23,70;47,40
841;9.6.2019 23:41:00;23,70;47,60
842;10.6.2019 0:11:00;23,70;47,70
843;10.6.2019 0:41:00;23,70;47,60
844;10.6.2019 1:11:00;23,60;47,60
845;10.6.2019 1:41:00;23,60;47,90
846;10.6.2019 2:11:00;23,60;47,80
847;10.6.2019 2:41:00;23,60;48,00
848;10.6.2019 3:11:00;23,60;48,20
849;10.6.2019 3:41:00;23,60;48,10
850;10.6.2019 4:11:00;23,50;47,90
851;10.6.2019 4:41:00;23,50;47,90
852;10.6.2019 5:11:00;23,50;47,80
853;10.6.2019 5:41:00;23,50;47,70
854;10.6.2019 6:11:00;23,50;47,70
855;10.6.2019 6:41:00;23,60;48,00
856;10.6.2019 7:11:00;23,60;48,30
857;10.6.2019 7:41:00;23,60;48,40
858;10.6.2019 8:11:00;23,60;48,70
859;10.6.2019 8:41:00;23,70;48,90
860;10.6.2019 9:11:00;23,80;48,70
861;10.6.2019 9:41:00;23,80;48,80
862;10.6.2019 10:11:00;23,90;48,70
863;10.6.2019 10:41:00;23,90;48,60
864;10.6.2019 11:11:00;24,00;48,50
865;10.6.2019 11:41:00;24,00;48,60
866;10.6.2019 12:11:00;24,10;48,80
867;10.6.2019 12:41:00;24,10;49,00
868;10.6.2019 13:11:00;24,20;48,80
869;10.6.2019 13:41:00;24,30;48,60
870;10.6.2019 14:11:00;24,40;48,40
871;10.6.2019 14:41:00;24,50;48,40
872;10.6.2019 15:11:00;24,60;48,50
873;10.6.2019 15:41:00;24,70;48,80
874;10.6.2019 16:11:00;24,70;48,80
875;10.6.2019 16:41:00;24,80;48,80
876;10.6.2019 17:11:00;24,80;48,60
877;10.6.2019 17:41:00;24,80;48,90
878;10.6.2019 18:11:00;24,70;49,30
879;10.6.2019 18:41:00;24,60;49,80
880;10.6.2019 19:11:00;24,50;50,30
881;10.6.2019 19:41:00;24,50;50,50
882;10.6.2019 20:11:00;24,40;51,00
883;10.6.2019 20:41:00;24,40;50,90
884;10.6.2019 21:11:00;24,30;50,90
885;10.6.2019 21:41:00;24,30;51,10
886;10.6.2019 22:11:00;24,30;51,90
887;10.6.2019 22:41:00;24,30;52,60
888;10.6.2019 23:11:00;24,30;53,10
889;10.6.2019 23:41:00;24,20;53,00
890;11.6.2019 0:11:00;24,20;53,80
891;11.6.2019 0:41:00;24,20;53,40
892;11.6.2019 1:11:00;24,20;52,90
893;11.6.2019 1:41:00;24,20;52,90
894;11.6.2019 2:11:00;24,20;52,90
895;11.6.2019 2:41:00;24,20;53,30
896;11.6.2019 3:11:00;24,20;53,50
897;11.6.2019 3:41:00;24,20;53,50
898;11.6.2019 4:11:00;24,20;53,70
899;11.6.2019 4:41:00;24,10;54,10
900;11.6.2019 5:11:00;24,10;54,40
901;11.6.2019 5:41:00;24,10;54,50
902;11.6.2019 6:11:00;24,20;54,50
903;11.6.2019 6:41:00;24,20;54,70
904;11.6.2019 7:11:00;24,20;54,70
905;11.6.2019 7:41:00;24,30;54,80
906;11.6.2019 8:11:00;24,30;55,40
907;11.6.2019 8:41:00;24,40;55,00
908;11.6.2019 9:11:00;24,50;54,40
909;11.6.2019 9:41:00;24,50;54,20
910;11.6.2019 10:11:00;24,50;54,10
911;11.6.2019 10:41:00;24,60;54,00
912;11.6.2019 11:11:00;24,60;53,90
913;11.6.2019 11:41:00;24,70;53,70
914;11.6.2019 12:11:00;24,70;53,50
915;11.6.2019 12:41:00;24,70;53,10
916;11.6.2019 13:11:00;24,80;52,90
917;11.6.2019 13:41:00;24,90;52,80
918;11.6.2019 14:11:00;25,00;52,40
919;11.6.2019 14:41:00;25,20;52,20
920;11.6.2019 15:11:00;25,30;52,30
921;11.6.2019 15:41:00;25,40;52,60
922;11.6.2019 16:11:00;25,50;52,10
923;11.6.2019 16:41:00;25,50;51,80
924;11.6.2019 17:11:00;25,50;51,90
925;11.6.2019 17:41:00;25,50;51,50
926;11.6.2019 18:11:00;25,50;51,60
927;11.6.2019 18:41:00;25,40;51,70
928;11.6.2019 19:11:00;25,30;51,80
929;11.6.2019 19:41:00;25,20;51,90
930;11.6.2019 20:11:00;25,10;52,10
931;11.6.2019 20:41:00;25,00;52,10
932;11.6.2019 21:11:00;25,00;52,20
933;11.6.2019 21:41:00;25,00;52,70
934;11.6.2019 22:11:00;24,90;53,20
935;11.6.2019 22:41:00;24,90;54,10
936;11.6.2019 23:11:00;24,90;54,20
937;11.6.2019 23:41:00;24,90;53,80
938;12.6.2019 0:11:00;24,90;54,10
939;12.6.2019 0:41:00;24,90;54,60
940;12.6.2019 1:11:00;24,80;54,60
941;12.6.2019 1:41:00;24,80;54,50
942;12.6.2019 2:11:00;24,80;54,50
943;12.6.2019 2:41:00;24,80;54,40
944;12.6.2019 3:11:00;24,80;54,30
945;12.6.2019 3:41:00;24,80;54,30
946;12.6.2019 4:11:00;24,80;54,40
947;12.6.2019 4:41:00;24,80;54,50
948;12.6.2019 5:11:00;24,80;54,40
949;12.6.2019 5:41:00;24,80;54,40
950;12.6.2019 6:11:00;24,80;54,40
951;12.6.2019 6:41:00;24,80;54,40
952;12.6.2019 7:11:00;24,80;54,00
953;12.6.2019 7:41:00;24,80;53,80
954;12.6.2019 8:11:00;24,90;53,60
955;12.6.2019 8:41:00;24,90;53,30
956;12.6.2019 9:11:00;25,00;53,00
957;12.6.2019 9:41:00;25,00;52,60
958;12.6.2019 10:11:00;25,00;52,10
959;12.6.2019 10:41:00;25,10;51,80
960;12.6.2019 11:11:00;25,10;51,80
961;12.6.2019 11:41:00;25,10;51,60
962;12.6.2019 12:11:00;25,10;51,20
963;12.6.2019 12:41:00;25,20;50,80
964;12.6.2019 13:11:00;25,20;50,40
965;12.6.2019 13:41:00;25,30;50,00
966;12.6.2019 14:11:00;25,50;49,50
967;12.6.2019 14:41:00;25,60;49,50
968;12.6.2019 15:11:00;25,70;49,40
969;12.6.2019 15:41:00;25,80;49,40
970;12.6.2019 16:11:00;25,90;49,40
971;12.6.2019 16:41:00;25,90;49,40
972;12.6.2019 17:11:00;25,90;49,90
973;12.6.2019 17:41:00;25,90;49,90
974;12.6.2019 18:11:00;25,90;50,10
975;12.6.2019 18:41:00;25,80;50,30
976;12.6.2019 19:11:00;25,70;50,60
977;12.6.2019 19:41:00;25,60;50,80
978;12.6.2019 20:11:00;25,60;51,20
979;12.6.2019 20:41:00;25,50;51,50
980;12.6.2019 21:11:00;25,50;51,80
981;12.6.2019 21:41:00;25,40;52,30
982;12.6.2019 22:11:00;25,40;52,50
983;12.6.2019 22:41:00;25,40;52,60
984;12.6.2019 23:11:00;25,40;52,80
985;12.6.2019 23:41:00;25,30;52,70
986;13.6.2019 0:11:00;25,30;52,70
987;13.6.2019 0:41:00;25,30;52,60
988;13.6.2019 1:11:00;25,30;52,50
989;13.6.2019 1:41:00;25,30;52,40
990;13.6.2019 2:11:00;25,30;52,30
991;13.6.2019 2:41:00;25,30;52,20
992;13.6.2019 3:11:00;25,20;52,00
993;13.6.2019 3:41:00;25,20;51,80
994;13.6.2019 4:11:00;25,20;51,70
995;13.6.2019 4:41:00;25,20;51,50
996;13.6.2019 5:11:00;25,20;51,40
997;13.6.2019 5:41:00;25,20;51,40
998;13.6.2019 6:11:00;25,20;51,40
999;13.6.2019 6:41:00;25,20;51,30
1000;13.6.2019 7:11:00;25,10;50,80
1001;13.6.2019 7:41:00;25,10;50,20
1002;13.6.2019 8:11:00;25,10;49,60
1003;13.6.2019 8:41:00;25,20;49,10
1004;13.6.2019 9:11:00;25,20;48,50
1005;13.6.2019 9:41:00;25,30;48,00
1006;13.6.2019 10:11:00;25,30;48,10
1007;13.6.2019 10:41:00;25,30;48,20
1008;13.6.2019 11:11:00;25,30;48,30
1009;13.6.2019 11:41:00;25,40;48,40
1010;13.6.2019 12:11:00;25,40;48,40
1011;13.6.2019 12:41:00;25,40;48,40
1012;13.6.2019 13:11:00;25,50;48,60
1013;13.6.2019 13:41:00;25,60;48,70
1014;13.6.2019 14:11:00;25,70;48,70
1015;13.6.2019 14:41:00;25,80;48,70
1016;13.6.2019 15:11:00;25,80;48,70
1017;13.6.2019 15:41:00;25,90;48,70
1018;13.6.2019 16:11:00;25,90;48,70
1019;13.6.2019 16:41:00;26,00;48,70
1020;13.6.2019 17:11:00;26,00;48,70
1021;13.6.2019 17:41:00;26,00;48,90
1022;13.6.2019 18:11:00;25,90;49,00
1023;13.6.2019 18:41:00;25,90;49,40
1024;13.6.2019 19:11:00;25,80;50,10
1025;13.6.2019 19:41:00;25,70;50,40
1026;13.6.2019 20:11:00;25,70;50,90
1027;13.6.2019 20:41:00;25,60;51,70
1028;13.6.2019 21:11:00;25,60;52,10
1029;13.6.2019 21:41:00;25,60;52,30
1030;13.6.2019 22:11:00;25,50;52,50
1031;13.6.2019 22:41:00;25,50;52,30
1032;13.6.2019 23:11:00;25,50;52,30
1033;13.6.2019 23:41:00;25,50;52,40
1034;14.6.2019 0:11:00;25,50;52,60
1035;14.6.2019 0:41:00;25,50;53,20
1036;14.6.2019 1:11:00;25,40;52,90
1037;14.6.2019 1:41:00;25,40;52,90
1038;14.6.2019 2:11:00;25,40;52,80
1039;14.6.2019 2:41:00;25,40;52,70
1040;14.6.2019 3:11:00;25,40;52,70
1041;14.6.2019 3:41:00;25,40;52,70
1042;14.6.2019 4:11:00;25,40;52,60
1043;14.6.2019 4:41:00;25,40;52,60
1044;14.6.2019 5:11:00;25,40;52,50
1045;14.6.2019 5:41:00;25,40;52,50
1046;14.6.2019 6:11:00;25,40;52,50
1047;14.6.2019 6:41:00;25,40;52,50
1048;14.6.2019 7:11:00;25,50;52,50
1049;14.6.2019 7:41:00;25,50;52,50
1050;14.6.2019 8:11:00;25,50;52,40
1051;14.6.2019 8:41:00;25,60;52,30
1052;14.6.2019 9:11:00;25,60;52,40
1053;14.6.2019 9:41:00;25,60;52,30
1054;14.6.2019 10:11:00;25,60;52,10
1055;14.6.2019 10:41:00;25,60;51,60
1056;14.6.2019 11:11:00;25,70;51,20
1057;14.6.2019 11:41:00;25,70;50,60
1058;14.6.2019 12:11:00;25,70;50,30
1059;14.6.2019 12:41:00;25,70;50,10
1060;14.6.2019 13:11:00;25,70;50,30
1061;14.6.2019 13:41:00;25,80;50,30
1062;14.6.2019 14:11:00;25,90;50,40
1063;14.6.2019 14:41:00;26,10;50,40
1064;14.6.2019 15:11:00;26,20;50,30
1065;14.6.2019 15:41:00;26,30;50,20
1066;14.6.2019 16:11:00;26,40;50,20
1067;14.6.2019 16:41:00;26,40;50,20
1068;14.6.2019 17:11:00;26,40;50,10
1069;14.6.2019 17:41:00;26,40;50,20
1070;14.6.2019 18:11:00;26,30;50,40
1071;14.6.2019 18:41:00;26,30;50,50
1072;14.6.2019 19:11:00;26,20;50,60
1073;14.6.2019 19:41:00;26,10;50,70
1074;14.6.2019 20:11:00;26,00;50,80
1075;14.6.2019 20:41:00;26,00;51,00
1076;14.6.2019 21:11:00;25,90;51,20
1077;14.6.2019 21:41:00;25,90;51,40
1078;14.6.2019 22:11:00;25,90;52,00
1079;14.6.2019 22:41:00;25,80;52,50
1080;14.6.2019 23:11:00;25,80;53,30
1081;14.6.2019 23:41:00;25,80;53,80
1082;15.6.2019 0:11:00;25,80;53,90
1083;15.6.2019 0:41:00;25,80;54,20
1084;15.6.2019 1:11:00;25,80;54,20
1085;15.6.2019 1:41:00;25,80;54,10
1086;15.6.2019 2:11:00;25,80;54,30
1087;15.6.2019 2:41:00;25,80;54,20
1088;15.6.2019 3:11:00;25,80;54,10
1089;15.6.2019 3:41:00;25,70;54,30
1090;15.6.2019 4:11:00;25,70;54,20
1091;15.6.2019 4:41:00;25,70;53,90
1092;15.6.2019 5:11:00;25,70;53,60
1093;15.6.2019 5:41:00;25,70;53,50
1094;15.6.2019 6:11:00;25,70;53,40
1095;15.6.2019 6:41:00;25,70;53,20
1096;15.6.2019 7:11:00;25,80;53,10
1097;15.6.2019 7:41:00;25,80;53,00
1098;15.6.2019 8:11:00;25,90;53,00
1099;15.6.2019 8:41:00;25,90;52,80
1100;15.6.2019 9:11:00;25,90;52,70
1101;15.6.2019 9:41:00;26,00;53,00
1102;15.6.2019 10:11:00;26,00;52,70
1103;15.6.2019 10:41:00;26,00;52,60
1104;15.6.2019 11:11:00;26,10;52,60
1105;15.6.2019 11:41:00;26,20;52,50
1106;15.6.2019 12:11:00;26,10;52,60
1107;15.6.2019 12:41:00;26,20;52,70
1108;15.6.2019 13:11:00;26,30;52,40
1109;15.6.2019 13:41:00;26,40;52,00
1110;15.6.2019 14:11:00;26,40;51,80
1111;15.6.2019 14:41:00;26,30;51,90
1112;15.6.2019 15:11:00;26,50;51,70
1113;15.6.2019 15:41:00;26,60;51,20
1114;15.6.2019 16:11:00;26,70;50,70
1115;15.6.2019 16:41:00;26,50;50,90
1116;15.6.2019 17:11:00;26,30;51,10
1117;15.6.2019 17:41:00;26,30;51,50
1118;15.6.2019 18:11:00;26,20;51,60
1119;15.6.2019 18:41:00;26,10;51,70
1120;15.6.2019 19:11:00;26,10;52,10
1121;15.6.2019 19:41:00;26,10;52,00
1122;15.6.2019 20:11:00;26,10;52,10
1123;15.6.2019 20:41:00;26,10;52,30
1124;15.6.2019 21:11:00;26,00;52,40
1125;15.6.2019 21:41:00;26,00;52,50
1126;15.6.2019 22:11:00;26,00;52,50
1127;15.6.2019 22:41:00;26,00;52,70
1128;15.6.2019 23:11:00;26,00;52,70
1129;15.6.2019 23:41:00;26,00;52,70
1130;16.6.2019 0:11:00;26,00;52,80
1131;16.6.2019 0:41:00;25,90;52,80
1132;16.6.2019 1:11:00;25,90;52,90
1133;16.6.2019 1:41:00;25,90;52,90
1134;16.6.2019 2:11:00;25,90;53,00
1135;16.6.2019 2:41:00;25,90;52,90
1136;16.6.2019 3:11:00;25,90;52,90
1137;16.6.2019 3:41:00;25,90;52,70
1138;16.6.2019 4:11:00;25,90;52,70
1139;16.6.2019 4:41:00;25,80;52,50
1140;16.6.2019 5:11:00;25,80;52,60
1141;16.6.2019 5:41:00;25,80;52,50
1142;16.6.2019 6:11:00;25,90;52,50
1143;16.6.2019 6:41:00;25,90;52,50
1144;16.6.2019 7:11:00;25,80;52,40
1145;16.6.2019 7:41:00;25,80;52,40
1146;16.6.2019 8:11:00;25,90;52,30
1147;16.6.2019 8:41:00;25,80;52,20
1148;16.6.2019 9:11:00;25,80;52,20
1149;16.6.2019 9:41:00;25,80;52,20
1150;16.6.2019 10:11:00;25,80;52,20
1151;16.6.2019 10:41:00;25,80;52,30
1152;16.6.2019 11:11:00;25,70;51,60
1153;16.6.2019 11:41:00;25,70;51,00
1154;16.6.2019 12:11:00;25,70;50,30
1155;16.6.2019 12:41:00;25,70;49,90
1156;16.6.2019 13:11:00;25,70;49,30
1157;16.6.2019 13:41:00;25,70;49,20
1158;16.6.2019 14:11:00;25,70;49,30
1159;16.6.2019 14:41:00;25,70;49,40
1160;16.6.2019 15:11:00;25,70;49,00
1161;16.6.2019 15:41:00;25,70;48,70
1162;16.6.2019 16:11:00;25,70;48,60
1163;16.6.2019 16:41:00;25,90;47,90
1164;16.6.2019 17:11:00;26,00;47,10
1165;16.6.2019 17:41:00;26,00;46,90
1166;16.6.2019 18:11:00;25,90;46,70
1167;16.6.2019 18:41:00;25,80;46,40
1168;16.6.2019 19:11:00;25,80;46,70
1169;16.6.2019 19:41:00;25,70;47,00
1170;16.6.2019 20:11:00;25,70;47,40
1171;16.6.2019 20:41:00;25,60;47,40
1172;16.6.2019 21:11:00;25,50;47,50
1173;16.6.2019 21:41:00;25,50;47,80
1174;16.6.2019 22:11:00;25,50;47,70
1175;16.6.2019 22:41:00;25,50;48,00
1176;16.6.2019 23:11:00;25,40;48,10
1177;16.6.2019 23:41:00;25,40;48,00
1178;17.6.2019 0:11:00;25,40;47,90
1179;17.6.2019 0:41:00;25,30;47,90
1180;17.6.2019 1:11:00;25,30;47,80
1181;17.6.2019 1:41:00;25,30;47,80
1182;17.6.2019 2:11:00;25,30;47,80
1183;17.6.2019 2:41:00;25,20;47,60
1184;17.6.2019 3:11:00;25,20;47,90
1185;17.6.2019 3:41:00;25,20;47,70
1186;17.6.2019 4:11:00;25,20;47,50
1187;17.6.2019 4:41:00;25,20;47,40
1188;17.6.2019 5:11:00;25,10;47,50
1189;17.6.2019 5:41:00;25,10;47,50
1190;17.6.2019 6:11:00;25,20;47,60
1191;17.6.2019 6:41:00;25,20;47,60
1192;17.6.2019 7:11:00;25,20;47,50
1193;17.6.2019 7:41:00;25,20;47,40
1194;17.6.2019 8:11:00;25,30;47,20
1195;17.6.2019 8:41:00;25,30;47,10
1196;17.6.2019 9:11:00;25,30;46,80
1197;17.6.2019 9:41:00;25,30;46,80
1198;17.6.2019 10:11:00;25,40;46,70
1199;17.6.2019 10:41:00;25,40;46,40
1200;17.6.2019 11:11:00;25,40;46,20
1201;17.6.2019 11:41:00;25,40;45,50
1202;17.6.2019 12:11:00;25,40;45,40
1203;17.6.2019 12:41:00;25,40;45,00
1204;17.6.2019 13:11:00;25,40;44,90
1205;17.6.2019 13:41:00;25,50;44,50
1206;17.6.2019 14:11:00;25,50;44,70
1207;17.6.2019 14:41:00;25,70;44,30
1208;17.6.2019 15:11:00;25,70;44,00
1209;17.6.2019 15:41:00;25,80;43,80
1210;17.6.2019 16:11:00;25,90;43,30
1211;17.6.2019 16:41:00;25,90;43,10
1212;17.6.2019 17:11:00;25,90;43,30
1213;17.6.2019 17:41:00;25,90;43,50
1214;17.6.2019 18:11:00;25,80;43,60
1215;17.6.2019 18:41:00;25,70;43,70
1216;17.6.2019 19:11:00;25,60;44,00
1217;17.6.2019 19:41:00;25,60;43,90
1218;17.6.2019 20:11:00;25,50;44,30
1219;17.6.2019 20:41:00;25,40;44,70
1220;17.6.2019 21:11:00;25,40;45,10
1221;17.6.2019 21:41:00;25,30;45,60
1222;17.6.2019 22:11:00;25,30;46,00
1223;17.6.2019 22:41:00;25,30;46,40
1224;17.6.2019 23:11:00;25,20;46,60
1225;17.6.2019 23:41:00;25,20;46,80
1226;18.6.2019 0:11:00;25,20;46,90
1227;18.6.2019 0:41:00;25,20;47,10
1228;18.6.2019 1:11:00;25,20;47,20
1229;18.6.2019 1:41:00;25,10;47,10
1230;18.6.2019 2:11:00;25,10;47,10
1231;18.6.2019 2:41:00;25,10;47,10
1232;18.6.2019 3:11:00;25,10;47,10
1233;18.6.2019 3:41:00;25,10;47,10
1234;18.6.2019 4:11:00;25,00;47,10
1235;18.6.2019 4:41:00;25,00;47,00
1236;18.6.2019 5:11:00;25,00;46,80
1237;18.6.2019 5:41:00;25,00;46,50
1238;18.6.2019 6:11:00;25,00;46,50
1239;18.6.2019 6:41:00;25,00;46,30
1240;18.6.2019 7:11:00;25,00;46,20
1241;18.6.2019 7:41:00;25,10;46,00
1242;18.6.2019 8:11:00;25,10;45,90
1243;18.6.2019 8:41:00;25,10;45,80
1244;18.6.2019 9:11:00;25,10;45,50
1245;18.6.2019 9:41:00;25,10;45,60
1246;18.6.2019 10:11:00;25,20;45,60
1247;18.6.2019 10:41:00;25,20;45,40
1248;18.6.2019 11:11:00;25,20;45,10
1249;18.6.2019 11:41:00;25,20;45,00
1250;18.6.2019 12:11:00;25,20;44,90
1251;18.6.2019 12:41:00;25,30;45,00
1252;18.6.2019 13:11:00;25,30;45,00
1253;18.6.2019 13:41:00;25,40;44,50
1254;18.6.2019 14:11:00;25,50;44,60
1255;18.6.2019 14:41:00;25,60;44,00
1256;18.6.2019 15:11:00;25,60;43,80
1257;18.6.2019 15:41:00;25,70;43,80
1258;18.6.2019 16:11:00;25,80;43,90
1259;18.6.2019 16:41:00;25,80;44,20
1260;18.6.2019 17:11:00;25,70;44,30
1261;18.6.2019 17:41:00;25,70;44,30
1262;18.6.2019 18:11:00;25,70;44,20
1263;18.6.2019 18:41:00;25,60;44,20
1264;18.6.2019 19:11:00;25,60;44,30
1265;18.6.2019 19:41:00;25,50;44,60
1266;18.6.2019 20:11:00;25,40;44,70
1267;18.6.2019 20:41:00;25,40;45,10
1268;18.6.2019 21:11:00;25,40;45,30
1269;18.6.2019 21:41:00;25,30;45,50
1270;18.6.2019 22:11:00;25,30;45,80
1271;18.6.2019 22:41:00;25,20;45,80
1272;18.6.2019 23:11:00;25,20;45,90
1273;18.6.2019 23:41:00;25,20;46,10
1274;19.6.2019 0:11:00;25,20;46,20
1275;19.6.2019 0:41:00;25,20;46,30
1276;19.6.2019 1:11:00;25,10;46,50
1277;19.6.2019 1:41:00;25,10;46,60
1278;19.6.2019 2:11:00;25,10;46,70
1279;19.6.2019 2:41:00;25,10;46,80
1280;19.6.2019 3:11:00;25,10;47,00
1281;19.6.2019 3:41:00;25,10;47,20
1282;19.6.2019 4:11:00;25,10;47,30
1283;19.6.2019 4:41:00;25,10;47,40
1284;19.6.2019 5:11:00;25,10;47,60
1285;19.6.2019 5:41:00;25,10;47,60
1286;19.6.2019 6:11:00;25,10;47,70
1287;19.6.2019 6:41:00;25,20;47,90
1288;19.6.2019 7:11:00;25,20;48,00
1289;19.6.2019 7:41:00;25,20;48,10
1290;19.6.2019 8:11:00;25,30;48,20
1291;19.6.2019 8:41:00;25,30;48,30
1292;19.6.2019 9:11:00;25,40;48,30
1293;19.6.2019 9:41:00;25,40;48,60
1294;19.6.2019 10:11:00;25,40;48,60
1295;19.6.2019 10:41:00;25,50;48,90
1296;19.6.2019 11:11:00;25,50;48,70
1297;19.6.2019 11:41:00;25,50;48,50
1298;19.6.2019 12:11:00;25,60;48,40
1299;19.6.2019 12:41:00;25,60;48,30
1300;19.6.2019 13:11:00;25,60;48,30
1301;19.6.2019 13:41:00;25,70;48,10
1302;19.6.2019 14:11:00;25,80;47,80
1303;19.6.2019 14:41:00;25,90;47,40
1304;19.6.2019 15:11:00;26,00;47,10
1305;19.6.2019 15:41:00;26,10;46,70
1306;19.6.2019 16:11:00;26,10;46,50
1307;19.6.2019 16:41:00;26,10;46,30
1308;19.6.2019 17:11:00;25,90;46,10
1309;19.6.2019 17:41:00;25,80;46,50
1310;19.6.2019 18:11:00;25,70;47,00
1311;19.6.2019 18:41:00;25,60;47,70
1312;19.6.2019 19:11:00;25,60;47,40
1313;19.6.2019 19:41:00;25,50;47,70
1314;19.6.2019 20:11:00;25,50;48,10
1315;19.6.2019 20:41:00;25,50;48,50
1316;19.6.2019 21:11:00;25,50;48,60
1317;19.6.2019 21:41:00;25,40;48,60
1318;19.6.2019 22:11:00;25,40;48,70
1319;19.6.2019 22:41:00;25,40;48,80
1320;19.6.2019 23:11:00;25,40;48,90
1321;19.6.2019 23:41:00;25,40;49,00
1322;20.6.2019 0:11:00;25,40;49,10
1323;20.6.2019 0:41:00;25,40;49,10
1324;20.6.2019 1:11:00;25,30;49,10
1325;20.6.2019 1:41:00;25,30;49,10
1326;20.6.2019 2:11:00;25,30;49,10
1327;20.6.2019 2:41:00;25,30;49,10
1328;20.6.2019 3:11:00;25,30;49,00
1329;20.6.2019 3:41:00;25,30;48,80
1330;20.6.2019 4:11:00;25,20;48,70
1331;20.6.2019 4:41:00;25,20;48,50
1332;20.6.2019 5:11:00;25,20;48,40
1333;20.6.2019 5:41:00;25,20;48,40
1334;20.6.2019 6:11:00;25,20;48,30
1335;20.6.2019 6:41:00;25,20;48,40
1336;20.6.2019 7:11:00;25,30;48,40
1337;20.6.2019 7:41:00;25,30;48,40
1338;20.6.2019 8:11:00;25,40;48,40
1339;20.6.2019 8:41:00;25,40;48,30
1340;20.6.2019 9:11:00;25,50;48,40
1341;20.6.2019 9:41:00;25,50;48,50
1342;20.6.2019 10:11:00;25,50;48,50
1343;20.6.2019 10:41:00;25,50;48,40
1344;20.6.2019 11:11:00;25,50;47,20
1345;20.6.2019 11:41:00;26,10;47,00
1346;20.6.2019 12:11:00;27,80;50,10
1347;20.6.2019 12:41:00;29,70;44,10
1348;20.6.2019 13:11:00;33,30;44,50
1349;20.6.2019 13:41:00;34,80;38,90
1350;20.6.2019 14:11:00;34,20;39,90
1351;20.6.2019 14:41:00;33,60;36,30
1352;20.6.2019 15:11:00;32,30;33,30
1353;20.6.2019 15:41:00;31,20;34,70
1354;20.6.2019 16:11:00;30,90;34,60
1355;20.6.2019 16:41:00;30,70;34,00
1356;20.6.2019 17:11:00;29,90;35,30
1357;20.6.2019 17:41:00;29,40;36,10
1358;20.6.2019 18:11:00;29,20;36,80
1359;20.6.2019 18:41:00;29,00;37,70
1360;20.6.2019 19:11:00;28,80;38,40
1361;20.6.2019 19:41:00;28,70;38,80
1362;20.6.2019 20:11:00;28,60;39,40
1363;20.6.2019 20:41:00;28,50;40,40
1364;20.6.2019 21:11:00;28,30;41,90
1365;20.6.2019 21:41:00;28,10;43,50
1366;20.6.2019 22:11:00;28,00;44,70
1367;20.6.2019 22:41:00;27,90;45,40
1368;20.6.2019 23:11:00;27,80;45,90
1369;20.6.2019 23:41:00;27,70;46,30
1370;21.6.2019 0:11:00;27,50;46,80
1371;21.6.2019 0:41:00;27,50;47,20
1372;21.6.2019 1:11:00;27,30;47,40
1373;21.6.2019 1:41:00;27,20;47,60
1374;21.6.2019 2:11:00;27,10;47,80
1375;21.6.2019 2:41:00;27,00;47,90
1376;21.6.2019 3:11:00;26,90;48,00
1377;21.6.2019 3:41:00;26,90;48,00
1378;21.6.2019 4:11:00;26,80;48,00
1379;21.6.2019 4:41:00;26,70;47,90
1380;21.6.2019 5:11:00;26,70;47,90
1381;21.6.2019 5:41:00;26,60;47,70
1382;21.6.2019 6:11:00;26,50;47,60
1383;21.6.2019 6:41:00;26,50;47,60
1384;21.6.2019 7:11:00;26,70;47,90
1385;21.6.2019 7:41:00;26,80;47,60
1386;21.6.2019 8:11:00;26,80;47,40
1387;21.6.2019 8:41:00;26,80;47,50
1388;21.6.2019 9:11:00;26,60;47,80
1389;21.6.2019 9:41:00;26,50;47,90
1390;21.6.2019 10:11:00;26,50;48,00
1391;21.6.2019 10:41:00;26,50;48,00
1392;21.6.2019 11:11:00;26,50;47,90
1393;21.6.2019 11:41:00;26,50;47,70
1394;21.6.2019 12:11:00;26,60;47,60
1395;21.6.2019 12:41:00;26,60;46,90
1396;21.6.2019 13:11:00;26,70;46,60
1397;21.6.2019 13:41:00;26,70;46,20
1398;21.6.2019 14:11:00;26,80;45,90
1399;21.6.2019 14:41:00;26,90;45,50
1400;21.6.2019 15:11:00;27,00;44,80
1401;21.6.2019 15:41:00;27,10;44,40
1402;21.6.2019 16:11:00;27,10;44,20
1403;21.6.2019 16:41:00;27,20;44,20
1404;21.6.2019 17:11:00;27,20;44,20
1405;21.6.2019 17:41:00;27,20;44,30
1406;21.6.2019 18:11:00;27,30;44,40
1407;21.6.2019 18:41:00;27,30;44,40
1408;21.6.2019 19:11:00;27,30;44,30
1409;21.6.2019 19:41:00;27,30;44,10
1410;21.6.2019 20:11:00;27,30;44,00
1411;21.6.2019 20:41:00;27,30;43,90
1412;21.6.2019 21:11:00;27,30;43,70
1413;21.6.2019 21:41:00;27,20;43,60
1414;21.6.2019 22:11:00;27,20;43,70
1415;21.6.2019 22:41:00;27,20;43,70
1416;21.6.2019 23:11:00;27,20;43,80
1417;21.6.2019 23:41:00;27,10;43,90
1418;22.6.2019 0:11:00;27,10;44,00
1419;22.6.2019 0:41:00;27,10;44,20
1420;22.6.2019 1:11:00;27,10;44,70
1421;22.6.2019 1:41:00;27,10;45,10
1422;22.6.2019 2:11:00;27,00;45,30
1423;22.6.2019 2:41:00;27,00;45,50
1424;22.6.2019 3:11:00;27,00;45,80
1425;22.6.2019 3:41:00;26,90;46,10
1426;22.6.2019 4:11:00;26,90;46,30
1427;22.6.2019 4:41:00;26,90;46,60
1428;22.6.2019 5:11:00;26,80;46,80
1429;22.6.2019 5:41:00;26,80;47,00
1430;22.6.2019 6:11:00;26,80;47,20
1431;22.6.2019 6:41:00;26,80;47,30
1432;22.6.2019 7:11:00;26,80;47,30
1433;22.6.2019 7:41:00;26,80;47,20
1434;22.6.2019 8:11:00;26,70;47,20
1435;22.6.2019 8:41:00;26,80;47,30
1436;22.6.2019 9:11:00;26,80;47,30
1437;22.6.2019 9:41:00;26,70;47,40
1438;22.6.2019 10:11:00;26,70;47,60
1439;22.6.2019 10:41:00;26,70;47,90
1440;22.6.2019 11:11:00;26,70;48,20
1441;22.6.2019 11:41:00;26,80;48,40
1442;22.6.2019 12:11:00;26,80;48,40
1443;22.6.2019 12:41:00;26,90;48,30
1444;22.6.2019 13:11:00;26,90;48,20
1445;22.6.2019 13:41:00;26,90;48,10
1446;22.6.2019 14:11:00;26,90;48,00
1447;22.6.2019 14:41:00;26,90;47,80
1448;22.6.2019 15:11:00;26,90;47,70
1449;22.6.2019 15:41:00;26,90;47,70
1450;22.6.2019 16:11:00;27,00;47,80
1451;22.6.2019 16:41:00;27,00;47,80
1452;22.6.2019 17:11:00;27,00;47,90
1453;22.6.2019 17:41:00;27,00;47,50
1454;22.6.2019 18:11:00;27,00;47,00
1455;22.6.2019 18:41:00;27,00;46,60
1456;22.6.2019 19:11:00;26,90;46,20
1457;22.6.2019 19:41:00;26,90;46,00
1458;22.6.2019 20:11:00;26,90;45,80
1459;22.6.2019 20:41:00;26,90;45,60
1460;22.6.2019 21:11:00;26,80;45,30
1461;22.6.2019 21:41:00;26,80;45,00
1462;22.6.2019 22:11:00;26,80;44,80
1463;22.6.2019 22:41:00;26,80;44,80
1464;22.6.2019 23:11:00;26,70;44,70
1465;22.6.2019 23:41:00;26,70;44,50
1466;23.6.2019 0:11:00;26,70;44,30
1467;23.6.2019 0:41:00;26,60;44,10
1468;23.6.2019 1:11:00;26,60;43,90
1469;23.6.2019 1:41:00;26,60;43,40
1470;23.6.2019 2:11:00;26,50;43,10
1471;23.6.2019 2:41:00;26,50;42,60
1472;23.6.2019 3:11:00;26,40;42,20
1473;23.6.2019 3:41:00;26,40;41,80
1474;23.6.2019 4:11:00;26,40;41,50
1475;23.6.2019 4:41:00;26,30;41,10
1476;23.6.2019 5:11:00;26,30;40,80
1477;23.6.2019 5:41:00;26,20;40,60
1478;23.6.2019 6:11:00;26,20;40,50
1479;23.6.2019 6:41:00;26,20;40,50
1480;23.6.2019 7:11:00;26,20;40,50
1481;23.6.2019 7:41:00;26,20;40,60
1482;23.6.2019 8:11:00;26,20;40,80
1483;23.6.2019 8:41:00;26,10;41,00
1484;23.6.2019 9:11:00;26,10;41,30
1485;23.6.2019 9:41:00;26,10;42,00
1486;23.6.2019 10:11:00;26,10;42,60
1487;23.6.2019 10:41:00;26,10;43,00
1488;23.6.2019 11:11:00;26,10;43,30
1489;23.6.2019 11:41:00;26,20;43,60
1490;23.6.2019 12:11:00;26,20;43,70
1491;23.6.2019 12:41:00;26,20;43,80
1492;23.6.2019 13:11:00;26,30;43,90
1493;23.6.2019 13:41:00;26,30;44,00
1494;23.6.2019 14:11:00;26,40;44,10
1495;23.6.2019 14:41:00;26,50;44,20
1496;23.6.2019 15:11:00;26,50;44,20
1497;23.6.2019 15:41:00;26,60;44,10
1498;23.6.2019 16:11:00;26,60;44,10
1499;23.6.2019 16:41:00;26,70;44,00
1500;23.6.2019 17:11:00;26,70;43,90
1501;23.6.2019 17:41:00;26,70;43,80
1502;23.6.2019 18:11:00;26,70;43,70
1503;23.6.2019 18:41:00;26,80;43,60
1504;23.6.2019 19:11:00;26,80;43,50
1505;23.6.2019 19:41:00;26,80;43,40
1506;23.6.2019 20:11:00;26,80;43,30
1507;23.6.2019 20:41:00;26,80;43,10
1508;23.6.2019 21:11:00;26,80;43,00
1509;23.6.2019 21:41:00;26,80;43,00
1510;23.6.2019 22:11:00;26,80;42,90
1511;23.6.2019 22:41:00;26,70;42,90
1512;23.6.2019 23:11:00;26,70;42,80
1513;23.6.2019 23:41:00;26,70;42,80
1514;24.6.2019 0:11:00;26,70;42,70
1515;24.6.2019 0:41:00;26,60;42,60
1516;24.6.2019 1:11:00;26,60;42,50
1517;24.6.2019 1:41:00;26,50;42,30
1518;24.6.2019 2:11:00;26,50;42,20
1519;24.6.2019 2:41:00;26,50;42,10
1520;24.6.2019 3:11:00;26,40;42,00
1521;24.6.2019 3:41:00;26,40;41,80
1522;24.6.2019 4:11:00;26,30;41,70
1523;24.6.2019 4:41:00;26,30;41,60
1524;24.6.2019 5:11:00;26,20;41,50
1525;24.6.2019 5:41:00;26,20;41,50
1526;24.6.2019 6:11:00;26,20;41,60
1527;24.6.2019 6:41:00;26,30;41,60
1528;24.6.2019 7:11:00;26,40;41,60
1529;24.6.2019 7:41:00;26,40;41,50
1530;24.6.2019 8:11:00;26,50;41,30
1531;24.6.2019 8:41:00;26,50;41,00
1532;24.6.2019 9:11:00;26,50;40,80
1533;24.6.2019 9:41:00;26,50;39,40
1534;24.6.2019 10:11:00;26,10;38,50
1535;24.6.2019 10:41:00;26,20;37,50
1536;24.6.2019 11:11:00;26,20;37,90
1537;24.6.2019 11:41:00;26,30;37,80
1538;24.6.2019 12:11:00;26,30;37,80
1539;24.6.2019 12:41:00;26,40;37,90
1540;24.6.2019 13:11:00;26,50;38,00
1541;24.6.2019 13:41:00;26,50;37,60
1542;24.6.2019 14:11:00;26,60;36,90
1543;24.6.2019 14:41:00;26,70;36,40
1544;24.6.2019 15:11:00;26,80;36,10
1545;24.6.2019 15:41:00;26,90;36,00
1546;24.6.2019 16:11:00;27,00;35,90
1547;24.6.2019 16:41:00;27,10;35,80
1548;24.6.2019 17:11:00;27,20;35,90
1549;24.6.2019 17:41:00;27,20;35,90
1550;24.6.2019 18:11:00;27,20;36,00
1551;24.6.2019 18:41:00;27,20;36,10
1552;24.6.2019 19:11:00;27,20;36,20
1553;24.6.2019 19:41:00;27,20;36,30
1554;24.6.2019 20:11:00;27,30;36,40
1555;24.6.2019 20:41:00;27,30;36,50
1556;24.6.2019 21:11:00;27,30;36,60
1557;24.6.2019 21:41:00;27,30;36,80
1558;24.6.2019 22:11:00;27,30;37,00
1559;24.6.2019 22:41:00;27,30;37,30
1560;24.6.2019 23:11:00;27,20;37,70
1561;24.6.2019 23:41:00;27,20;38,20
1562;25.6.2019 0:11:00;27,20;38,70
1563;25.6.2019 0:41:00;27,20;39,20
1564;25.6.2019 1:11:00;27,20;39,70
1565;25.6.2019 1:41:00;27,10;40,20
1566;25.6.2019 2:11:00;27,10;40,70
1567;25.6.2019 2:41:00;27,10;41,10
1568;25.6.2019 3:11:00;27,00;41,50
1569;25.6.2019 3:41:00;27,00;41,90
1570;25.6.2019 4:11:00;27,00;42,20
1571;25.6.2019 4:41:00;26,90;42,60
1572;25.6.2019 5:11:00;26,90;42,90
1573;25.6.2019 5:41:00;26,80;43,10
1574;25.6.2019 6:11:00;26,90;43,20
1575;25.6.2019 6:41:00;26,90;43,00
1576;25.6.2019 7:11:00;27,00;42,90
1577;25.6.2019 7:41:00;27,10;42,90
1578;25.6.2019 8:11:00;27,10;42,90
1579;25.6.2019 8:41:00;27,20;42,90
1580;25.6.2019 9:11:00;27,20;43,00
1581;25.6.2019 9:41:00;27,20;43,80
1582;25.6.2019 10:11:00;27,30;44,30
1583;25.6.2019 10:41:00;27,30;44,60
1584;25.6.2019 11:11:00;27,30;44,60
1585;25.6.2019 11:41:00;27,40;45,20
1586;25.6.2019 12:11:00;27,40;45,70
1587;25.6.2019 12:41:00;27,50;46,30
1588;25.6.2019 13:11:00;27,60;46,70
1589;25.6.2019 13:41:00;27,70;47,00
1590;25.6.2019 14:11:00;27,80;47,20
1591;25.6.2019 14:41:00;27,90;47,70
1592;25.6.2019 15:11:00;28,00;47,70
1593;25.6.2019 15:41:00;28,10;47,70
1594;25.6.2019 16:11:00;28,30;47,60
1595;25.6.2019 16:41:00;28,40;47,60
1596;25.6.2019 17:11:00;28,50;47,30
1597;25.6.2019 17:41:00;28,40;47,20
1598;25.6.2019 18:11:00;28,40;47,00
1599;25.6.2019 18:41:00;28,40;46,80
1600;25.6.2019 19:11:00;28,40;46,60
1601;25.6.2019 19:41:00;28,40;46,40
1602;25.6.2019 20:11:00;28,40;46,30
1603;25.6.2019 20:41:00;28,40;46,20
1604;25.6.2019 21:11:00;28,40;46,20
1605;25.6.2019 21:41:00;28,40;46,20
1606;25.6.2019 22:11:00;28,40;46,30
1607;25.6.2019 22:41:00;28,30;46,30
1608;25.6.2019 23:11:00;28,30;46,40
1609;25.6.2019 23:41:00;28,30;46,60
1610;26.6.2019 0:11:00;28,30;46,70
1611;26.6.2019 0:41:00;28,30;46,90
1612;26.6.2019 1:11:00;28,20;47,20
1613;26.6.2019 1:41:00;28,20;47,40
1614;26.6.2019 2:11:00;28,20;47,70
1615;26.6.2019 2:41:00;28,20;48,00
1616;26.6.2019 3:11:00;28,10;48,20
1617;26.6.2019 3:41:00;28,10;48,40
1618;26.6.2019 4:11:00;28,10;48,70
1619;26.6.2019 4:41:00;28,00;48,90
1620;26.6.2019 5:11:00;28,00;49,20
1621;26.6.2019 5:41:00;28,00;49,40
1622;26.6.2019 6:11:00;28,00;49,40
1623;26.6.2019 6:41:00;28,00;49,50
1624;26.6.2019 7:11:00;28,10;49,40
1625;26.6.2019 7:41:00;28,10;49,40
1626;26.6.2019 8:11:00;28,10;49,50
1627;26.6.2019 8:41:00;28,20;49,60
1628;26.6.2019 9:11:00;28,20;49,80
1629;26.6.2019 9:41:00;28,30;50,50
1630;26.6.2019 10:11:00;28,40;50,90
1631;26.6.2019 10:41:00;28,50;50,80
1632;26.6.2019 11:11:00;28,50;50,90
1633;26.6.2019 11:41:00;28,60;51,20
1634;26.6.2019 12:11:00;28,70;51,40
1635;26.6.2019 12:41:00;28,70;51,50
1636;26.6.2019 13:11:00;28,80;51,50
1637;26.6.2019 13:41:00;28,80;51,40
1638;26.6.2019 14:11:00;28,80;51,30
1639;26.6.2019 14:41:00;28,80;51,00
1640;26.6.2019 15:11:00;28,80;50,80
1641;26.6.2019 15:41:00;28,90;50,60
1642;26.6.2019 16:11:00;28,90;50,30
1643;26.6.2019 16:41:00;29,00;50,10
1644;26.6.2019 17:11:00;29,00;49,90
1645;26.6.2019 17:41:00;29,00;49,60
1646;26.6.2019 18:11:00;29,10;49,40
1647;26.6.2019 18:41:00;29,10;49,20
1648;26.6.2019 19:11:00;29,10;49,10
1649;26.6.2019 19:41:00;29,10;48,90
1650;26.6.2019 20:11:00;29,10;48,80
1651;26.6.2019 20:41:00;29,10;48,70
1652;26.6.2019 21:11:00;29,10;48,60
1653;26.6.2019 21:41:00;29,10;48,50
1654;26.6.2019 22:11:00;29,10;48,50
1655;26.6.2019 22:41:00;29,10;48,40
1656;26.6.2019 23:11:00;29,10;48,30
1657;26.6.2019 23:41:00;29,10;48,30
1658;27.6.2019 0:11:00;29,00;48,40
1659;27.6.2019 0:41:00;29,00;48,50
1660;27.6.2019 1:11:00;29,00;48,60
1661;27.6.2019 1:41:00;29,00;48,60
1662;27.6.2019 2:11:00;29,00;48,60
1663;27.6.2019 2:41:00;29,00;48,60
1664;27.6.2019 3:11:00;28,90;48,60
1665;27.6.2019 3:41:00;28,90;48,60
1666;27.6.2019 4:11:00;28,90;48,50
1667;27.6.2019 4:41:00;28,90;48,50
1668;27.6.2019 5:11:00;28,80;48,40
1669;27.6.2019 5:41:00;28,80;48,40
1670;27.6.2019 6:11:00;28,80;48,30
1671;27.6.2019 6:41:00;28,80;48,10
1672;27.6.2019 7:11:00;28,80;47,50
1673;27.6.2019 7:41:00;28,80;47,00
1674;27.6.2019 8:11:00;28,80;46,60
1675;27.6.2019 8:41:00;28,80;46,40
1676;27.6.2019 9:11:00;28,90;46,10
1677;27.6.2019 9:41:00;28,90;45,80
1678;27.6.2019 10:11:00;28,90;45,60
1679;27.6.2019 10:41:00;28,90;45,10
1680;27.6.2019 11:11:00;28,80;44,40
1681;27.6.2019 11:41:00;28,90;43,90
1682;27.6.2019 12:11:00;28,90;43,30
1683;27.6.2019 12:41:00;28,90;42,60
1684;27.6.2019 13:11:00;28,90;42,00
1685;27.6.2019 13:41:00;28,90;41,40
1686;27.6.2019 14:11:00;28,90;40,90
1687;27.6.2019 14:41:00;28,90;40,30
1688;27.6.2019 15:11:00;28,90;39,40
1689;27.6.2019 15:41:00;28,90;38,50
1690;27.6.2019 16:11:00;29,00;37,70
1691;27.6.2019 16:41:00;29,00;36,80
1692;27.6.2019 17:11:00;29,00;36,00
1693;27.6.2019 17:41:00;29,00;35,00
1694;27.6.2019 18:11:00;29,00;34,10
1695;27.6.2019 18:41:00;29,00;33,30
1696;27.6.2019 19:11:00;29,00;32,60
1697;27.6.2019 19:41:00;29,00;32,10
1698;27.6.2019 20:11:00;29,00;31,70
1699;27.6.2019 20:41:00;29,00;31,30
1700;27.6.2019 21:11:00;29,00;31,10
1701;27.6.2019 21:41:00;29,00;30,90
1702;27.6.2019 22:11:00;28,90;30,70
1703;27.6.2019 22:41:00;28,90;30,70
1704;27.6.2019 23:11:00;28,90;30,70
1705;27.6.2019 23:41:00;28,80;30,70
1706;28.6.2019 0:11:00;28,80;30,80
1707;28.6.2019 0:41:00;28,70;30,80
1708;28.6.2019 1:11:00;28,70;31,00
1709;28.6.2019 1:41:00;28,70;31,10
1710;28.6.2019 2:11:00;28,60;31,30
1711;28.6.2019 2:41:00;28,50;31,40
1712;28.6.2019 3:11:00;28,50;31,70
1713;28.6.2019 3:41:00;28,40;31,90
1714;28.6.2019 4:11:00;28,30;32,10
1715;28.6.2019 4:41:00;28,30;32,40
1716;28.6.2019 5:11:00;28,20;32,60
1717;28.6.2019 5:41:00;28,10;32,90
1718;28.6.2019 6:11:00;28,20;33,20
1719;28.6.2019 6:41:00;28,30;33,40
1720;28.6.2019 7:11:00;28,30;33,60
1721;28.6.2019 7:41:00;28,20;33,70
1722;28.6.2019 8:11:00;28,20;33,90
1723;28.6.2019 8:41:00;28,20;34,20
1724;28.6.2019 9:11:00;28,20;34,40
1725;28.6.2019 9:41:00;28,20;34,40
1726;28.6.2019 10:11:00;28,20;34,60
1727;28.6.2019 10:41:00;28,20;34,70
1728;28.6.2019 11:11:00;28,30;34,70
1729;28.6.2019 11:41:00;28,20;34,60
1730;28.6.2019 12:11:00;28,20;34,50
1731;28.6.2019 12:41:00;28,20;34,40
1732;28.6.2019 13:11:00;28,20;34,30
1733;28.6.2019 13:41:00;28,20;34,10
1734;28.6.2019 14:11:00;28,30;34,00
1735;28.6.2019 14:41:00;28,30;33,90
1736;28.6.2019 15:11:00;28,30;33,70
1737;28.6.2019 15:41:00;28,30;33,50
1738;28.6.2019 16:11:00;28,40;33,40
1739;28.6.2019 16:41:00;28,40;33,10
1740;28.6.2019 17:11:00;28,40;33,00
1741;28.6.2019 17:41:00;28,40;32,70
1742;28.6.2019 18:11:00;28,40;32,50
1743;28.6.2019 18:41:00;28,40;32,30
1744;28.6.2019 19:11:00;28,40;32,10
1745;28.6.2019 19:41:00;28,40;32,00
1746;28.6.2019 20:11:00;28,40;31,90
1747;28.6.2019 20:41:00;28,40;31,90
1748;28.6.2019 21:11:00;28,40;31,90
1749;28.6.2019 21:41:00;28,30;31,90
1750;28.6.2019 22:11:00;28,30;32,00
1751;28.6.2019 22:41:00;28,30;32,20
1752;28.6.2019 23:11:00;28,20;32,30
1753;28.6.2019 23:41:00;28,20;32,50
1754;29.6.2019 0:11:00;28,20;32,50
1755;29.6.2019 0:41:00;28,10;32,70
1756;29.6.2019 1:11:00;28,10;32,90
1757;29.6.2019 1:41:00;28,00;33,10
1758;29.6.2019 2:11:00;27,90;33,20
1759;29.6.2019 2:41:00;27,80;33,40
1760;29.6.2019 3:11:00;27,80;33,60
1761;29.6.2019 3:41:00;27,70;33,70
1762;29.6.2019 4:11:00;27,60;33,90
1763;29.6.2019 4:41:00;27,60;33,90
1764;29.6.2019 5:11:00;27,50;34,00
1765;29.6.2019 5:41:00;27,40;34,10
1766;29.6.2019 6:11:00;27,40;34,30
1767;29.6.2019 6:41:00;27,50;34,30
1768;29.6.2019 7:11:00;27,60;34,40
1769;29.6.2019 7:41:00;27,70;34,40
1770;29.6.2019 8:11:00;27,70;34,50
1771;29.6.2019 8:41:00;27,70;34,50
1772;29.6.2019 9:11:00;27,80;34,50
1773;29.6.2019 9:41:00;27,80;34,60
1774;29.6.2019 10:11:00;27,80;34,60
1775;29.6.2019 10:41:00;27,80;34,60
1776;29.6.2019 11:11:00;27,80;34,50
1777;29.6.2019 11:41:00;27,80;34,50
1778;29.6.2019 12:11:00;27,80;34,50
1779;29.6.2019 12:41:00;27,80;34,50
1780;29.6.2019 13:11:00;27,80;34,40
1781;29.6.2019 13:41:00;27,90;34,30
1782;29.6.2019 14:11:00;27,90;34,20
1783;29.6.2019 14:41:00;27,90;34,20
1784;29.6.2019 15:11:00;28,00;34,20
1785;29.6.2019 15:41:00;28,00;34,10
1786;29.6.2019 16:11:00;28,00;34,00
1787;29.6.2019 16:41:00;28,10;34,00
1788;29.6.2019 17:11:00;28,20;34,00
1789;29.6.2019 17:41:00;28,20;33,90
1790;29.6.2019 18:11:00;28,20;33,90
1791;29.6.2019 18:41:00;28,20;33,80
1792;29.6.2019 19:11:00;28,30;33,80
1793;29.6.2019 19:41:00;28,30;33,80
1794;29.6.2019 20:11:00;28,30;33,80
1795;29.6.2019 20:41:00;28,30;33,80
1796;29.6.2019 21:11:00;28,30;33,80
1797;29.6.2019 21:41:00;28,30;33,80
1798;29.6.2019 22:11:00;28,30;33,80
1799;29.6.2019 22:41:00;28,30;33,90
1800;29.6.2019 23:11:00;28,20;34,00
1801;29.6.2019 23:41:00;28,20;34,20
1802;30.6.2019 0:11:00;28,20;34,30
1803;30.6.2019 0:41:00;28,10;34,50
1804;30.6.2019 1:11:00;28,10;34,70
1805;30.6.2019 1:41:00;28,00;34,80
1806;30.6.2019 2:11:00;28,00;35,00
1807;30.6.2019 2:41:00;27,90;35,00
1808;30.6.2019 3:11:00;27,90;35,10
1809;30.6.2019 3:41:00;27,80;35,20
1810;30.6.2019 4:11:00;27,80;35,30
1811;30.6.2019 4:41:00;27,70;35,40
1812;30.6.2019 5:11:00;27,70;35,50
1813;30.6.2019 5:41:00;27,70;35,60
1814;30.6.2019 6:11:00;27,70;35,60
1815;30.6.2019 6:41:00;27,70;35,70
1816;30.6.2019 7:11:00;27,80;35,70
1817;30.6.2019 7:41:00;27,90;35,70
1818;30.6.2019 8:11:00;27,90;35,80
1819;30.6.2019 8:41:00;28,00;35,80
1820;30.6.2019 9:11:00;28,00;35,90
1821;30.6.2019 9:41:00;28,00;35,90
1822;30.6.2019 10:11:00;28,00;36,00
1823;30.6.2019 10:41:00;28,00;36,00
1824;30.6.2019 11:11:00;28,00;35,90
1825;30.6.2019 11:41:00;28,10;35,70
1826;30.6.2019 12:11:00;28,10;35,50
1827;30.6.2019 12:41:00;28,10;35,40
1828;30.6.2019 13:11:00;28,10;35,30
1829;30.6.2019 13:41:00;28,20;35,30
1830;30.6.2019 14:11:00;28,20;35,20
1831;30.6.2019 14:41:00;28,20;35,10
1832;30.6.2019 15:11:00;28,30;35,00
1833;30.6.2019 15:41:00;28,40;35,00
1834;30.6.2019 16:11:00;28,40;34,80
1835;30.6.2019 16:41:00;28,50;34,80
1836;30.6.2019 17:11:00;28,60;34,70
1837;30.6.2019 17:41:00;28,60;34,60
1838;30.6.2019 18:11:00;28,60;34,50
1839;30.6.2019 18:41:00;28,70;34,30
1840;30.6.2019 19:11:00;28,70;34,30
1841;30.6.2019 19:41:00;28,70;34,20
1842;30.6.2019 20:11:00;28,70;34,00
1843;30.6.2019 20:41:00;28,80;33,90
1844;30.6.2019 21:11:00;28,80;33,90
1845;30.6.2019 21:41:00;28,80;33,90
1846;30.6.2019 22:11:00;28,70;34,00
1847;30.6.2019 22:41:00;28,70;34,10
1848;30.6.2019 23:11:00;28,70;34,20
1849;30.6.2019 23:41:00;28,70;34,20
1850;1.7.2019 0:11:00;28,70;34,10
1851;1.7.2019 0:41:00;28,70;34,10
1852;1.7.2019 1:11:00;28,70;34,00
1853;1.7.2019 1:41:00;28,70;34,00
1854;1.7.2019 2:11:00;28,60;34,00
1855;1.7.2019 2:41:00;28,60;34,10
1856;1.7.2019 3:11:00;28,60;34,30
1857;1.7.2019 3:41:00;28,50;34,50
1858;1.7.2019 4:11:00;28,50;34,70
1859;1.7.2019 4:41:00;28,50;34,90
1860;1.7.2019 5:11:00;28,50;35,10
1861;1.7.2019 5:41:00;28,40;35,30
1862;1.7.2019 6:11:00;28,40;35,50
1863;1.7.2019 6:41:00;28,50;35,60
1864;1.7.2019 7:11:00;28,50;35,60
1865;1.7.2019 7:41:00;28,60;35,70
1866;1.7.2019 8:11:00;28,60;35,80
1867;1.7.2019 8:41:00;28,70;36,10
1868;1.7.2019 9:11:00;28,70;36,40
1869;1.7.2019 9:41:00;28,70;37,00
1870;1.7.2019 10:11:00;28,80;37,60
1871;1.7.2019 10:41:00;28,90;38,20
1872;1.7.2019 11:11:00;28,90;38,60
1873;1.7.2019 11:41:00;29,00;39,00
1874;1.7.2019 12:11:00;29,10;39,30
1875;1.7.2019 12:41:00;29,10;39,20
1876;1.7.2019 13:11:00;29,10;39,20
1877;1.7.2019 13:41:00;29,10;39,10
1878;1.7.2019 14:11:00;29,20;39,00
1879;1.7.2019 14:41:00;29,30;39,30
1880;1.7.2019 15:11:00;29,40;39,50
1881;1.7.2019 15:41:00;29,50;39,90
1882;1.7.2019 16:11:00;29,50;40,10
1883;1.7.2019 16:41:00;29,50;40,10
1884;1.7.2019 17:11:00;29,60;40,20
1885;1.7.2019 17:41:00;29,60;40,20
1886;1.7.2019 18:11:00;29,60;40,30
1887;1.7.2019 18:41:00;29,60;40,30
1888;1.7.2019 19:11:00;29,60;40,40
1889;1.7.2019 19:41:00;29,60;40,50
1890;1.7.2019 20:11:00;29,60;40,50
1891;1.7.2019 20:41:00;29,60;40,40
1892;1.7.2019 21:11:00;29,50;40,40
1893;1.7.2019 21:41:00;29,50;40,40
1894;1.7.2019 22:11:00;29,50;40,60
1895;1.7.2019 22:41:00;29,50;40,60
1896;1.7.2019 23:11:00;29,50;40,70
1897;1.7.2019 23:41:00;29,50;40,60
1898;2.7.2019 0:11:00;29,40;40,60
1899;2.7.2019 0:41:00;29,40;40,70
1900;2.7.2019 1:11:00;29,40;40,70
1901;2.7.2019 1:41:00;29,40;40,30
1902;2.7.2019 2:11:00;29,30;39,80
1903;2.7.2019 2:41:00;29,30;39,40
1904;2.7.2019 3:11:00;29,30;39,10
1905;2.7.2019 3:41:00;29,20;38,80
1906;2.7.2019 4:11:00;29,20;38,30
1907;2.7.2019 4:41:00;29,10;38,00
1908;2.7.2019 5:11:00;29,10;37,60
1909;2.7.2019 5:41:00;29,10;37,30
1910;2.7.2019 6:11:00;29,00;37,00
1911;2.7.2019 6:41:00;29,00;36,80
1912;2.7.2019 7:11:00;29,00;36,60
1913;2.7.2019 7:41:00;29,10;36,40
1914;2.7.2019 8:11:00;29,10;36,20
1915;2.7.2019 8:41:00;29,10;36,10
1916;2.7.2019 9:11:00;29,20;36,00
1917;2.7.2019 9:41:00;28,10;33,60
1918;2.7.2019 10:11:00;27,60;34,80
1919;2.7.2019 10:41:00;27,80;34,80
1920;2.7.2019 11:11:00;27,80;34,30
1921;2.7.2019 11:41:00;27,60;34,10
1922;2.7.2019 12:11:00;27,60;34,40
1923;2.7.2019 12:41:00;27,80;34,40
1924;2.7.2019 13:11:00;27,90;34,50
1925;2.7.2019 13:41:00;28,00;34,10
1926;2.7.2019 14:11:00;28,00;33,80
1927;2.7.2019 14:41:00;28,10;33,20
1928;2.7.2019 15:11:00;28,20;33,00
1929;2.7.2019 15:41:00;28,20;31,10
1930;2.7.2019 16:11:00;28,30;29,90
1931;2.7.2019 16:41:00;28,40;29,30
1932;2.7.2019 17:11:00;28,40;28,90
1933;2.7.2019 17:41:00;28,50;28,70
1934;2.7.2019 18:11:00;28,50;28,70
1935;2.7.2019 18:41:00;28,50;28,70
1936;2.7.2019 19:11:00;28,50;28,80
1937;2.7.2019 19:41:00;28,50;28,80
1938;2.7.2019 20:11:00;28,40;28,70
1939;2.7.2019 20:41:00;28,40;28,70
1940;2.7.2019 21:11:00;28,40;28,80
1941;2.7.2019 21:41:00;28,40;28,80
1942;2.7.2019 22:11:00;28,30;28,80
1943;2.7.2019 22:41:00;28,30;28,90
1944;2.7.2019 23:11:00;28,30;28,90
1945;2.7.2019 23:41:00;28,20;28,90
1946;3.7.2019 0:11:00;28,20;28,90
1947;3.7.2019 0:41:00;28,10;28,90
1948;3.7.2019 1:11:00;28,10;28,90
1949;3.7.2019 1:41:00;28,00;28,80
1950;3.7.2019 2:11:00;28,00;28,70
1951;3.7.2019 2:41:00;27,90;28,60
1952;3.7.2019 3:11:00;27,90;28,50
1953;3.7.2019 3:41:00;27,80;28,30
1954;3.7.2019 4:11:00;27,70;28,20
1955;3.7.2019 4:41:00;27,70;28,10
1956;3.7.2019 5:11:00;27,60;28,00
1957;3.7.2019 5:41:00;27,60;28,00
1958;3.7.2019 6:11:00;27,60;28,00
1959;3.7.2019 6:41:00;27,60;28,00
1960;3.7.2019 7:11:00;27,70;28,00
1961;3.7.2019 7:41:00;27,80;28,00
1962;3.7.2019 8:11:00;27,80;28,00
1963;3.7.2019 8:41:00;27,80;27,90
1964;3.7.2019 9:11:00;27,80;27,80
1965;3.7.2019 9:41:00;27,80;27,70
1966;3.7.2019 10:11:00;27,80;27,70
1967;3.7.2019 10:41:00;27,80;27,60
1968;3.7.2019 11:11:00;27,80;27,50
1969;3.7.2019 11:41:00;27,40;26,40
1970;3.7.2019 12:11:00;27,30;26,50
1971;3.7.2019 12:41:00;27,40;26,50
1972;3.7.2019 13:11:00;27,40;26,10
1973;3.7.2019 13:41:00;27,40;26,10
1974;3.7.2019 14:11:00;27,40;26,00
1975;3.7.2019 14:41:00;27,40;25,80
1976;3.7.2019 15:11:00;27,30;25,50
1977;3.7.2019 15:41:00;27,30;25,20
1978;3.7.2019 16:11:00;27,30;25,00
1979;3.7.2019 16:41:00;27,30;24,60
1980;3.7.2019 17:11:00;27,40;24,50
1981;3.7.2019 17:41:00;27,30;24,30
1982;3.7.2019 18:11:00;27,20;24,10
1983;3.7.2019 18:41:00;27,30;24,20
1984;3.7.2019 19:11:00;27,40;24,20
1985;3.7.2019 19:41:00;27,40;24,30
1986;3.7.2019 20:11:00;27,40;24,30
1987;3.7.2019 20:41:00;27,30;24,30
1988;3.7.2019 21:11:00;27,30;24,30
1989;3.7.2019 21:41:00;27,30;24,30
1990;3.7.2019 22:11:00;27,20;24,30
1991;3.7.2019 22:41:00;27,20;24,40
1992;3.7.2019 23:11:00;27,10;24,50
1993;3.7.2019 23:41:00;27,10;24,60
1994;4.7.2019 0:11:00;27,00;24,60
1995;4.7.2019 0:41:00;27,00;24,70
1996;4.7.2019 1:11:00;27,00;24,90
1997;4.7.2019 1:41:00;26,90;25,10
1998;4.7.2019 2:11:00;26,90;25,30
1999;4.7.2019 2:41:00;26,80;25,50
2000;4.7.2019 3:11:00;26,80;25,80
2001;4.7.2019 3:41:00;26,70;26,00
2002;4.7.2019 4:11:00;26,70;26,10
2003;4.7.2019 4:41:00;26,60;26,40
2004;4.7.2019 5:11:00;26,50;26,50
2005;4.7.2019 5:41:00;26,50;26,70
2006;4.7.2019 6:11:00;26,50;26,80
2007;4.7.2019 6:41:00;26,60;26,80
2008;4.7.2019 7:11:00;26,80;26,80
2009;4.7.2019 7:41:00;26,90;26,80
2010;4.7.2019 8:11:00;26,90;26,80
2011;4.7.2019 8:41:00;27,00;26,80
2012;4.7.2019 9:11:00;27,00;26,50
2013;4.7.2019 9:41:00;26,40;26,30
2014;4.7.2019 10:11:00;25,60;26,50
2015;4.7.2019 10:41:00;25,30;26,90
2016;4.7.2019 11:11:00;25,10;27,00
2017;4.7.2019 11:41:00;25,10;27,30
2018;4.7.2019 12:11:00;25,30;27,50
2019;4.7.2019 12:41:00;25,60;27,40
2020;4.7.2019 13:11:00;25,80;27,30
2021;4.7.2019 13:41:00;25,80;26,50
2022;4.7.2019 14:11:00;25,70;26,20
2023;4.7.2019 14:41:00;25,80;26,10
2024;4.7.2019 15:11:00;25,90;25,80
2025;4.7.2019 15:41:00;26,00;25,90
2026;4.7.2019 16:11:00;26,20;25,90
2027;4.7.2019 16:41:00;26,30;25,90
2028;4.7.2019 17:11:00;26,40;26,00
2029;4.7.2019 17:41:00;26,50;26,20
2030;4.7.2019 18:11:00;26,50;26,30
2031;4.7.2019 18:41:00;26,60;26,50
2032;4.7.2019 19:11:00;26,60;26,60
2033;4.7.2019 19:41:00;26,70;26,80
2034;4.7.2019 20:11:00;26,70;26,90
2035;4.7.2019 20:41:00;26,70;27,00
2036;4.7.2019 21:11:00;26,70;27,10
2037;4.7.2019 21:41:00;26,80;27,10
2038;4.7.2019 22:11:00;26,80;27,10
2039;4.7.2019 22:41:00;26,80;27,10
2040;4.7.2019 23:11:00;26,80;27,10
2041;4.7.2019 23:41:00;26,80;27,10
2042;5.7.2019 0:11:00;26,80;27,10
2043;5.7.2019 0:41:00;26,80;27,10
2044;5.7.2019 1:11:00;26,80;27,20
2045;5.7.2019 1:41:00;26,80;27,10
2046;5.7.2019 2:11:00;26,80;27,20
2047;5.7.2019 2:41:00;26,80;27,20
2048;5.7.2019 3:11:00;26,70;27,30
2049;5.7.2019 3:41:00;26,70;27,30
2050;5.7.2019 4:11:00;26,70;27,40
2051;5.7.2019 4:41:00;26,70;27,50
2052;5.7.2019 5:11:00;26,70;27,60
2053;5.7.2019 5:41:00;26,60;27,60
2054;5.7.2019 6:11:00;26,60;27,50
2055;5.7.2019 6:41:00;26,60;27,50
2056;5.7.2019 7:11:00;26,60;27,50
2057;5.7.2019 7:41:00;26,60;27,60
2058;5.7.2019 8:11:00;26,60;27,60
2059;5.7.2019 8:41:00;26,60;27,60
2060;5.7.2019 9:11:00;26,60;27,60
2061;5.7.2019 9:41:00;26,70;27,70
2062;5.7.2019 10:11:00;26,70;27,70
2063;5.7.2019 10:41:00;26,70;27,70
2064;5.7.2019 11:11:00;26,80;27,70
2065;5.7.2019 11:41:00;26,80;27,70
2066;5.7.2019 12:11:00;26,80;27,70
2067;5.7.2019 12:41:00;26,90;27,70
2068;5.7.2019 13:11:00;26,90;27,70
2069;5.7.2019 13:41:00;27,00;27,70
2070;5.7.2019 14:11:00;27,00;27,80
2071;5.7.2019 14:41:00;27,10;27,80
2072;5.7.2019 15:11:00;27,10;27,90
2073;5.7.2019 15:41:00;27,20;27,90
2074;5.7.2019 16:11:00;27,30;28,00
2075;5.7.2019 16:41:00;27,30;28,10
2076;5.7.2019 17:11:00;27,30;28,30
2077;5.7.2019 17:41:00;27,30;28,30
2078;5.7.2019 18:11:00;27,30;28,40
2079;5.7.2019 18:41:00;27,40;28,50
2080;5.7.2019 19:11:00;27,40;28,50
2081;5.7.2019 19:41:00;27,40;28,50
2082;5.7.2019 20:11:00;27,40;28,50
2083;5.7.2019 20:41:00;27,40;28,60
2084;5.7.2019 21:11:00;27,40;28,60
2085;5.7.2019 21:41:00;27,40;28,60
2086;5.7.2019 22:11:00;27,40;28,70
2087;5.7.2019 22:41:00;27,40;28,70
2088;5.7.2019 23:11:00;27,30;28,80
2089;5.7.2019 23:41:00;27,30;28,80
2090;6.7.2019 0:11:00;27,30;28,90
2091;6.7.2019 0:41:00;27,30;29,00
2092;6.7.2019 1:11:00;27,30;29,10
2093;6.7.2019 1:41:00;27,20;29,20
2094;6.7.2019 2:11:00;27,20;29,30
2095;6.7.2019 2:41:00;27,20;29,40
2096;6.7.2019 3:11:00;27,20;29,50
2097;6.7.2019 3:41:00;27,10;29,60
2098;6.7.2019 4:11:00;27,10;29,70
2099;6.7.2019 4:41:00;27,10;29,80
2100;6.7.2019 5:11:00;27,00;29,90
2101;6.7.2019 5:41:00;27,00;30,00
2102;6.7.2019 6:11:00;27,00;30,00
2103;6.7.2019 6:41:00;27,00;30,10
2104;6.7.2019 7:11:00;27,10;30,20
2105;6.7.2019 7:41:00;27,10;30,20
2106;6.7.2019 8:11:00;27,10;30,30
2107;6.7.2019 8:41:00;27,20;30,30
2108;6.7.2019 9:11:00;27,20;30,30
2109;6.7.2019 9:41:00;27,20;30,40
2110;6.7.2019 10:11:00;27,20;30,50
2111;6.7.2019 10:41:00;27,20;30,60
2112;6.7.2019 11:11:00;27,20;30,60
2113;6.7.2019 11:41:00;27,30;30,70
2114;6.7.2019 12:11:00;27,30;30,70
2115;6.7.2019 12:41:00;27,30;30,70
2116;6.7.2019 13:11:00;27,40;30,70
2117;6.7.2019 13:41:00;27,40;30,70
2118;6.7.2019 14:11:00;27,50;30,70
2119;6.7.2019 14:41:00;27,50;30,80
2120;6.7.2019 15:11:00;27,60;30,80
2121;6.7.2019 15:41:00;27,60;30,80
2122;6.7.2019 16:11:00;27,70;30,80
2123;6.7.2019 16:41:00;27,70;30,80
2124;6.7.2019 17:11:00;27,70;30,70
2125;6.7.2019 17:41:00;27,80;30,70
2126;6.7.2019 18:11:00;27,80;30,60
2127;6.7.2019 18:41:00;27,90;30,50
2128;6.7.2019 19:11:00;27,90;30,50
2129;6.7.2019 19:41:00;27,90;30,40
2130;6.7.2019 20:11:00;27,90;30,30
2131;6.7.2019 20:41:00;27,90;30,20
2132;6.7.2019 21:11:00;27,90;30,20
2133;6.7.2019 21:41:00;27,90;30,20
2134;6.7.2019 22:11:00;27,90;30,20
2135;6.7.2019 22:41:00;27,90;30,10
2136;6.7.2019 23:11:00;27,90;30,00
2137;6.7.2019 23:41:00;27,90;30,00
2138;7.7.2019 0:11:00;27,90;29,90
2139;7.7.2019 0:41:00;27,90;29,70
2140;7.7.2019 1:11:00;27,80;29,70
2141;7.7.2019 1:41:00;27,80;29,60
2142;7.7.2019 2:11:00;27,80;29,50
2143;7.7.2019 2:41:00;27,80;29,50
2144;7.7.2019 3:11:00;27,80;29,50
2145;7.7.2019 3:41:00;27,80;29,50
2146;7.7.2019 4:11:00;27,70;29,60
2147;7.7.2019 4:41:00;27,70;29,90
2148;7.7.2019 5:11:00;27,70;30,10
2149;7.7.2019 5:41:00;27,70;30,50
2150;7.7.2019 6:11:00;27,70;30,80
2151;7.7.2019 6:41:00;27,70;31,20
2152;7.7.2019 7:11:00;27,70;31,70
2153;7.7.2019 7:41:00;27,70;32,20
2154;7.7.2019 8:11:00;27,70;32,50
2155;7.7.2019 8:41:00;27,70;32,90
2156;7.7.2019 9:11:00;27,70;33,10
2157;7.7.2019 9:41:00;27,70;33,20
2158;7.7.2019 10:11:00;27,60;33,10
2159;7.7.2019 10:41:00;27,60;33,00
2160;7.7.2019 11:11:00;27,60;32,90
2161;7.7.2019 11:41:00;27,60;32,80
2162;7.7.2019 12:11:00;27,60;32,80
2163;7.7.2019 12:41:00;27,60;32,80
2164;7.7.2019 13:11:00;27,60;33,00
2165;7.7.2019 13:41:00;27,60;33,00
2166;7.7.2019 14:11:00;27,60;33,20
2167;7.7.2019 14:41:00;27,60;33,20
2168;7.7.2019 15:11:00;27,60;33,20
2169;7.7.2019 15:41:00;27,60;33,00
2170;7.7.2019 16:11:00;27,60;32,90
2171;7.7.2019 16:41:00;27,60;32,80
2172;7.7.2019 17:11:00;27,60;32,60
2173;7.7.2019 17:41:00;27,60;32,40
2174;7.7.2019 18:11:00;27,60;32,30
2175;7.7.2019 18:41:00;27,60;32,10
2176;7.7.2019 19:11:00;27,60;31,80
2177;7.7.2019 19:41:00;27,60;31,50
2178;7.7.2019 20:11:00;27,60;31,20
2179;7.7.2019 20:41:00;27,50;30,70
2180;7.7.2019 21:11:00;27,50;30,40
2181;7.7.2019 21:41:00;27,50;30,10
2182;7.7.2019 22:11:00;27,50;29,80
2183;7.7.2019 22:41:00;27,40;29,40
2184;7.7.2019 23:11:00;27,40;29,20
2185;7.7.2019 23:41:00;27,30;28,90
2186;8.7.2019 0:11:00;27,30;28,70
2187;8.7.2019 0:41:00;27,30;28,50
2188;8.7.2019 1:11:00;27,20;28,20
2189;8.7.2019 1:41:00;27,20;28,10
2190;8.7.2019 2:11:00;27,10;27,90
2191;8.7.2019 2:41:00;27,10;27,80
2192;8.7.2019 3:11:00;27,10;27,80
2193;8.7.2019 3:41:00;27,00;27,70
2194;8.7.2019 4:11:00;27,00;27,70
2195;8.7.2019 4:41:00;27,00;27,70
2196;8.7.2019 5:11:00;26,90;27,70
2197;8.7.2019 5:41:00;26,90;27,80
2198;8.7.2019 6:11:00;26,80;27,70
2199;8.7.2019 6:41:00;26,80;27,70
2200;8.7.2019 7:11:00;26,80;27,70
2201;8.7.2019 7:41:00;26,80;27,70
2202;8.7.2019 8:11:00;26,80;27,60
2203;8.7.2019 8:41:00;26,80;27,70
2204;8.7.2019 9:11:00;26,80;27,40
2205;8.7.2019 9:41:00;25,40;26,50
2206;8.7.2019 10:11:00;24,80;27,70
2207;8.7.2019 10:41:00;24,70;27,70
2208;8.7.2019 11:11:00;24,50;27,70
2209;8.7.2019 11:41:00;24,70;27,10
2210;8.7.2019 12:11:00;24,80;26,40
2211;8.7.2019 12:41:00;24,70;26,10
2212;8.7.2019 13:11:00;25,00;26,30
2213;8.7.2019 13:41:00;25,20;26,10
2214;8.7.2019 14:11:00;26,40;24,00
2215;8.7.2019 14:41:00;26,00;23,50
2216;8.7.2019 15:11:00;26,10;23,00
